"shopify_product_id","title","stone_name","stone_handle","review_decision","priority","failed_checks","precise_reason","proposed_stone_description","proposed_taxonomy_correction"
"10694373769563","Accessoire minéral grenouille en quartz rose - 50 mm","Quartz rose","quartz-rose","A_CORRIGER","P1","source vérifiée;apparence réelle;absence d'invention","Le texte dit lui-même que la teinte, la transparence et les détails réels restent à confirmer. La phrase finale générique ne transforme pas cette absence de preuve en description fiable.","","Masquer temporairement l'onglet La pierre ou vider stone_description jusqu'au contrôle de l'exemplaire physique. Ne pas inventer de teinte, d'inclusions ou de transparence."
"10694252396891","Bracelet baroque en citrine chauffée - 16 à 18 cm","Citrine chauffée","citrine","A_CORRIGER","P2","information utile;français naturel","La phrase La mention chauffée est indiquée dans son nom commente le catalogue et n'apporte aucune information sur la pierre.","La citrine chauffée de ce bracelet présente des éclats polis, transparents à légèrement nuageux, dans des tons jaune clair à miel. Leur forme, leur transparence et la répartition des nuances varient naturellement d'un éclat à l'autre. En lithothérapie, la citrine chauffée est associée à l'énergie et à la confiance.",""
"10693894406491","Bracelet en obsidienne noire 10 mm - 16 à 18 cm","Obsidienne noire","obsidienne-noire","A_CORRIGER","P2","séparation pierre-produit","La deuxième phrase décrit le rang de perles et l'absence de métal, informations explicitement réservées à la description produit ou aux spécifications.","L'obsidienne noire se distingue par son noir profond et son éclat vitreux. Le poli fait varier l'intensité des reflets d'une perle à l'autre, sans modifier la couleur sombre dominante. En lithothérapie, l'obsidienne noire est associée à la protection et à l'ancrage.",""
"10685905011035","Bracelet Unys argenté en onyx et œil de taureau","Onyx","onyx","A_CORRIGER","P2","spécificité;français naturel;composition","La formulation palette noir mat, rouge brun chatoyant est artificielle et ne dit pas quelle apparence appartient à l'onyx ou à l'œil de taureau.","L'onyx présente un noir profond, mat à légèrement brillant selon le poli, tandis que l'œil de taureau montre des tons rouge brun traversés de bandes chatoyantes. La largeur et l'intensité de ces bandes varient naturellement d'une perle à l'autre. En lithothérapie, l'onyx est associé à la protection et à l'ancrage.",""
"10685831545179","Bracelet baroque en fluorine multicolore - 16 à 18 cm","Fluorine multicolore","fluorine","A_CORRIGER","P2","français naturel;apparence spécifique","La palette vert pâle, violet et translucide mélange des couleurs et un degré de transparence dans une construction maladroite.","La fluorine multicolore de ce bracelet mêle des zones vert pâle et violettes, parfois presque transparentes. Les contours des éclats, la répartition des couleurs et le degré de transparence varient naturellement d'un fragment à l'autre. En lithothérapie, la fluorine multicolore est associée à l'intuition et à la clarté.",""
"10685841965403","Bracelet baroque en hématite - 16 à 18 cm","Hématite","hematite","A_CORRIGER","P2","français naturel;apparence spécifique","Palette gris acier très brillant n'est pas une formulation naturelle et la phrase de variation reste générique.","L'hématite se reconnaît à son gris acier et à ses reflets métalliques très brillants. Sur les éclats baroques, la forme, la surface et l'intensité du brillant varient naturellement d'un fragment à l'autre. En lithothérapie, l'hématite est associée à l'ancrage et à la stabilité.",""
"10685857726811","Bracelet en amazonite des États-Unis - Perles de 6 mm","Amazonite","amazonite","A_CORRIGER","P2","français naturel;apparence spécifique","La pierre présente une palette bleu turquoise à vert d'eau est une construction de gabarit peu naturelle et peu précise sur les variations visibles.","L'amazonite de ce bracelet présente des nuances allant du bleu turquoise au vert d'eau. Le poli des perles met en évidence des zones plus claires, des veines et des différences de couleur naturelles d'un élément à l'autre. En lithothérapie, l'amazonite est associée à la confiance et à l'apaisement.",""
"10685873619291","Collier en howlite blanche 8 mm - 45 cm","Howlite blanche","howlite","A_CORRIGER","P2","français naturel;apparence spécifique","Palette blanc mat veiné de gris est grammaticalement maladroit alors que le veinage de la howlite permet une description directe.","La howlite blanche se reconnaît à sa base mate ou satinée parcourue de veines grises irrégulières. Leur densité, leur trajet et le contraste avec le blanc varient naturellement d'une perle à l'autre. En lithothérapie, la howlite blanche est associée au calme et au sommeil.",""
"10685881123163","Boucles d'oreilles puces en améthyste - 8 mm","Améthyste","amethyste","A_CORRIGER","P2","français naturel;apparence spécifique","Palette violet translucide est une formulation artificielle et la description ne caractérise pas clairement les nuances de l'améthyste.","L'améthyste de ces boucles présente un violet translucide, plus ou moins soutenu selon la pierre. Le poli laisse apparaître des voiles, des inclusions et de légères différences de transparence d'une perle à l'autre. En lithothérapie, l'améthyste est associée à l'intuition et au calme.",""
"10685889380699","Boucles d'oreilles puces en cornaline - 10 mm","Cornaline","cornaline","A_CORRIGER","P2","français naturel;apparence spécifique","Palette orange rouge translucide juxtapose des adjectifs sans relation claire et sonne comme un gabarit automatique.","La cornaline de ces boucles varie de l'orange au rouge, avec des zones parfois plus claires ou translucides. Le poli fait ressortir les nuances et les inclusions naturelles propres à chaque perle. En lithothérapie, la cornaline est associée à l'énergie et à la créativité.",""
"10685896753499","Boucles d'oreilles puces en obsidienne noire - 10 mm","Obsidienne noire","obsidienne-noire","A_CORRIGER","P2","français naturel;apparence spécifique","Palette noir brillant n'est pas une palette et la phrase ne décrit pas proprement l'éclat vitreux de l'obsidienne.","L'obsidienne noire de ces boucles présente une couleur profonde et un éclat vitreux sous le poli. L'intensité du brillant et de discrètes variations de surface peuvent différer d'une perle à l'autre. En lithothérapie, l'obsidienne noire est associée à la protection et à l'ancrage.",""
"10357452669275","Bracelet en dumortiérite 6 mm","Dumortiérite","dumortierite","A_CORRIGER","P2","phrase complète;français naturel","La première phrase, Une pierre polie bleu denim à bleu nuit, ne contient aucun verbe conjugué.","La dumortiérite présente une base bleu denim à bleu nuit, ponctuée de zones grises, blanches ou presque noires. Leur répartition, l'intensité du bleu et le dessin de chaque perle varient naturellement. En lithothérapie, la dumortiérite est associée à la concentration, à la patience et à la confiance.",""
"10669950107995","Bracelet en turquoise d'Afrique 6 mm - 16 à 18 cm","Turquoise d'Afrique","turquoise","A_CORRIGER","P3","orthographe du nom de pierre","Le nom propre Afrique perd sa majuscule dans la phrase de lithothérapie.","Les perles rondes polies de turquoise d'Afrique mêlent bleu vert, vert olive et veines brunes irrégulières. Leur dessin, la proportion de chaque couleur et la répartition des inclusions varient naturellement d'une perle à l'autre. En lithothérapie, cette pierre est associée à la confiance et à l'expression.",""
"10358876209499","Pendule hexagonal en améthyste du Brésil","Améthyste","amethyste","A_CORRIGER","P2","phrase complète;français naturel","La première phrase, Une améthyste polie violette à zones laiteuses, ne contient aucun verbe conjugué.","L'améthyste de ce pendule présente un violet poli traversé de zones laiteuses. Les nuances, la transparence et la répartition des inclusions varient naturellement d'un exemplaire à l'autre. En lithothérapie, l'améthyste est associée à l'intuition, au calme et à la clarté.",""
"10358581166427","Pendule égyptien en quartz rose du Brésil","Quartz rose","quartz-rose","A_CORRIGER","P2","phrase complète;français naturel","La première phrase, Un quartz rose poli, rose pâle et légèrement translucide, ne contient aucun verbe conjugué.","Le quartz rose de ce pendule présente une teinte rose pâle, légèrement translucide et traversée de voiles naturels. L'intensité de la couleur, la transparence et le dessin interne varient d'un exemplaire à l'autre. En lithothérapie, le quartz rose est associé à la douceur, à l'apaisement et à l'intuition.",""
"10357430649179","Boucles d'oreilles puces en cornaline 8 mm","Cornaline","cornaline","A_CORRIGER","P2","phrase complète;français naturel","La première phrase, Une pierre polie orange à rouge, ne contient aucun verbe conjugué.","La cornaline de ces boucles présente une teinte orange à rouge, parfois translucide sous le poli. L'intensité de la couleur, les zones laiteuses et les inclusions varient naturellement d'une perle à l'autre. En lithothérapie, la cornaline est associée à la vitalité, à l'élan et à la confiance.",""
"10357707014491","Distributeur Savon Lapis-Lazuli","Lapis Lazuli","lapis-lazuli","A_CORRIGER","P3","orthotypographie du nom de pierre","La dernière phrase écrit lapis lazuli sans trait d'union, contrairement à la forme canonique déjà employée dans le même texte.","Le lapis-lazuli présente un bleu profond, parfois ponctué de zones plus claires et de petites inclusions grises ou dorées. Le dessin, l'intensité du bleu et la répartition de ces inclusions varient naturellement sur la pierre. En lithothérapie, le lapis-lazuli est associé à la clarté et à l'expression.",""
"10359674765659","Orgonite Pointe Lapis-Lazuli","Lapis Lazuli","lapis-lazuli","A_CORRIGER","P3","orthotypographie du nom de pierre","La dernière phrase écrit lapis lazuli sans trait d'union, contrairement à la forme canonique déjà employée dans le même texte.","Le lapis-lazuli inclus dans cette pointe présente un bleu profond ponctué de zones plus claires et de petites inclusions grises ou dorées. La taille des éclats et la répartition de ces nuances varient naturellement d'un exemplaire à l'autre. En lithothérapie, le lapis-lazuli est associé à la clarté et à l'expression.",""
"10488166220123","Bracelet Lapis Lazuli Onyx","Lapis Lazuli","lapis-lazuli","A_CORRIGER","P2","cohérence stone_name-stone_handles","La description et le titre prouvent une composition lapis-lazuli et onyx, mais stone_handles est absent. La navigation secondaire est incomplète.","","Conserver stone_handle=lapis-lazuli comme pierre principale et définir stone_handles=[lapis-lazuli, onyx] après validation du format Shopify."
"10670434353499","Bracelet Kahel argenté en onyx et pierre de lave 8 mm","Onyx et pierre de lave","onyx","A_CORRIGER","P2","cohérence stone_name-stone_handles","La description et stone_name nomment la pierre de lave, mais stone_handles contient seulement onyx.","","Conserver stone_handle=onyx et ajouter pierre-de-lave à stone_handles après validation du slug canonique."
"10669294158171","Bracelet doré en sodalite et pierres bleues","Sodalite","sodalite","A_CORRIGER","P2","cohérence description-stone_handles","La description prouve sodalite, lapis-lazuli traité, aigue-marine et cristal de roche, mais stone_handles omet cristal-de-roche.","","Conserver stone_handle=sodalite et ajouter cristal-de-roche à stone_handles. Ne pas modifier les autres valeurs sans nouvelle preuve."
