shopify_product_id,title,handle,public_url,ean_sku_barcode,shopify_inventory_quantity,inventory_policy,public_purchase_state,supplier_identity_method,supplier_identity_evidence,supplier_title,supplier_ref,supplier_url,supplier_availability,supplier_availability_evidence,supplier_checked_at,conversion_priority,collection_page_1_evidence,collections_checked_at,recommendation_not_executed
10637436584283,Boucles d'oreilles dorées en aigue-marine naturelle - 36 mm,boucles-d-oreilles-dorees-en-aigue-marine-naturelle-36-mm,https://milaura.fr/products/boucles-d-oreilles-dorees-en-aigue-marine-naturelle-36-mm,3667407007604,0,CONTINUE,buyable_at_zero,exact_reference,EAN/SKU Shopify 3667407007604 = référence fournisseur 3667407007604.,BOUCLE D'OREILLE CLÉA DORÉE AIGUE MARINE A (1 PAIRE),3667407007604,https://camille-ambiance-nature.fr/produit/boucle-doreille-clea-doree-aigue-marine-a-1-paire,orderable,Primary Ajouter control observed on the authenticated supplier page.,2026-09-07T15:47:45+02:00,P0,"Bestsellers (rang 1, première page observée)",2026-09-07T15:48:17+02:00,"Urgent: contrôler délai, prix et unité de vente, puis conserver la vente fournisseur avec le marqueur interne Produit à commander et un contenu actuel. Aucune action exécutée."
10357486027099,Bracelet Aventurine Rouge 10mm,bracelet-aventurine-rouge-1,https://milaura.fr/products/bracelet-aventurine-rouge-1,3701459015641,0,DENY,out_of_stock_non_buyable,exact_reference,EAN/SKU Shopify 3701459015641 = référence fournisseur 3701459015641.,BRACELET BOULE 10MM AVENTURINE ROUGE A,3701459015641,https://camille-ambiance-nature.fr/produit/bracelet-boule-10mm-aventurine-rouge-a,orderable,Primary Ajouter control observed on the authenticated supplier page.,2026-09-07T15:47:45+02:00,P0,"Bestsellers (rang 10, première page observée) | Bijoux & Pierres Naturelles (rang 4, première page observée)",2026-09-07T15:48:17+02:00,"Urgent: candidat à la vente fournisseur: valider délai, prix, unité de vente, contenu et photos, puis appliquer le marqueur interne Produit à commander avant réouverture. Aucune action exécutée."
10357440446811,Bracelet Baroque Labradorite,bracelet-labradorite,https://milaura.fr/products/bracelet-labradorite,3701459019007,0,DENY,out_of_stock_non_buyable,exact_reference,EAN/SKU Shopify 3701459019007 = référence fournisseur 3701459019007.,BRACELET BAROQUE LABRADORITE AA (LOT 5 PIÈCES),3701459019007,https://camille-ambiance-nature.fr/produit/bracelet-baroque-labradorite-aa-lot-5-pi%C3%A8ces,orderable,Primary Ajouter control observed on the authenticated supplier page.,2026-09-07T15:47:45+02:00,P0,"Bijoux & Pierres Naturelles (rang 12, première page observée)",2026-09-07T15:48:17+02:00,"Urgent: candidat à la vente fournisseur: valider délai, prix, unité de vente, contenu et photos, puis appliquer le marqueur interne Produit à commander avant réouverture. Aucune action exécutée."
10488166220123,Bracelet Lapis Lazuli Onyx,bracelet-celyos-argente-lapis-lazuli-onyx-a,https://milaura.fr/products/bracelet-celyos-argente-lapis-lazuli-onyx-a,,0,DENY,out_of_stock_non_buyable,exact_supplier_handle,Handle Shopify bracelet-celyos-argente-lapis-lazuli-onyx-a = handle fournisseur bracelet-celyos-argente-lapis-lazuli-onyx-a.,"BRACELET CÉLYOS ARGENTÉ LAPIS LAZULI, ONYX A",3701459098057,https://camille-ambiance-nature.fr/produit/bracelet-celyos-argente-lapis-lazuli-onyx-a,orderable,Primary Ajouter control observed on the authenticated supplier page.,2026-09-07T15:47:45+02:00,P0,"Bracelets pierres (rang 1, première page observée)",2026-09-07T15:48:17+02:00,"Urgent: candidat à la vente fournisseur: valider délai, prix, unité de vente, contenu et photos, puis appliquer le marqueur interne Produit à commander avant réouverture. Aucune action exécutée."
10357692105051,Bâton de Sauge Blanche et Cèdre,sauge-blanche-et-cedre,https://milaura.fr/products/sauge-blanche-et-cedre,3701459086603,0,DENY,out_of_stock_non_buyable,exact_reference,EAN/SKU Shopify 3701459086603 = référence fournisseur 3701459086603.,BÂTON DE SAUGE BLANCHE AVEC CÈDRE ET FLEUR DE PAILLE 100MM (LOT 3 PIÈCES),3701459086603,https://camille-ambiance-nature.fr/produit/b%C3%A2ton-de-sauge-blanche-avec-c%C3%A8dre-et-fleur-de-paille-100mm-lot-3-pi%C3%A8ces,orderable,Primary Ajouter control observed on the authenticated supplier page.,2026-09-07T15:47:45+02:00,P0,"Rituels & Bien-être (rang 4, première page observée)",2026-09-07T15:48:17+02:00,"Urgent: candidat à la vente fournisseur: valider délai, prix, unité de vente, contenu et photos, puis appliquer le marqueur interne Produit à commander avant réouverture. Aucune action exécutée."
10357710029147,Distributeur Savon Quartz Rose,savon-quartz-rose,https://milaura.fr/products/savon-quartz-rose,3667407007444,0,DENY,out_of_stock_non_buyable,exact_reference,EAN/SKU Shopify 3667407007444 = référence fournisseur 3667407007444.,DISTRIBUTEUR DE SAVON PIERRE POLIE 150MM QUARTZ ROSE BRÉSIL A (1 PIÈCE),3667407007444,https://camille-ambiance-nature.fr/produit/distributeur-de-savon-pierre-polie-150mm-quartz-rose-bresil-a-1-piece,orderable,Primary Ajouter control observed on the authenticated supplier page.,2026-09-07T15:47:45+02:00,P0,"Bestsellers (rang 4, première page observée) | Rituels & Bien-être (rang 7, première page observée) | Savons naturels (rang 6, première page observée)",2026-09-07T15:48:17+02:00,"Urgent: candidat à la vente fournisseur: valider délai, prix, unité de vente, contenu et photos, puis appliquer le marqueur interne Produit à commander avant réouverture. Aucune action exécutée."
10358580412763,Oeuf Agate,oeuf-agate,https://milaura.fr/products/oeuf-agate,3701459093267,0,DENY,out_of_stock_non_buyable,exact_reference,EAN/SKU Shopify 3701459093267 = référence fournisseur 3701459093267.,OEUF AGATE CRISTALLISÉE AA+ 30 À 40MM (1 PIÈCE),3701459093267,https://camille-ambiance-nature.fr/produit/oeuf-agate-cristallisee-aa-30-a-40mm-1-piece,orderable,Primary Ajouter control observed on the authenticated supplier page.,2026-09-07T15:47:45+02:00,P0,"Pierres & Minéraux (rang 3, première page observée)",2026-09-07T15:48:17+02:00,"Urgent: candidat à la vente fournisseur: valider délai, prix, unité de vente, contenu et photos, puis appliquer le marqueur interne Produit à commander avant réouverture. Aucune action exécutée."
10359675158875,Orgonite Pointe Obsidienne,pointe-obsidienne,https://milaura.fr/products/pointe-obsidienne,3667407000414,0,DENY,out_of_stock_non_buyable,exact_reference,EAN/SKU Shopify 3667407000414 = référence fournisseur 3667407000414.,ORGONITE 60MM POINTE OBSIDIENNE NOIRE A (1 PIÈCE),3667407000414,https://camille-ambiance-nature.fr/produit/orgonite-60mm-pointe-obsidienne-noire-a-1-pi%C3%A8ce,orderable,Primary Ajouter control observed on the authenticated supplier page.,2026-09-07T15:47:45+02:00,P0,"Pierres & Minéraux (rang 2, première page observée)",2026-09-07T15:48:17+02:00,"Urgent: candidat à la vente fournisseur: valider délai, prix, unité de vente, contenu et photos, puis appliquer le marqueur interne Produit à commander avant réouverture. Aucune action exécutée."
10357635547483,Pendentif Aventurine,pendentif-aventurine,https://milaura.fr/products/pendentif-aventurine,3701459007158,0,DENY,out_of_stock_non_buyable,exact_reference,EAN/SKU Shopify 3701459007158 = référence fournisseur 3701459007158.,PENDENTIF COEUR 15MM AVENTURINE VERTE A (LOT 10 PIÈCES),3701459007158,https://camille-ambiance-nature.fr/produit/pendentif-coeur-15mm-aventurine-verte-a-lot-10-pi%C3%A8ces,orderable,Primary Ajouter control observed on the authenticated supplier page.,2026-09-07T15:47:45+02:00,P0,"Pendentifs (rang 9, première page observée)",2026-09-07T15:48:17+02:00,"Urgent: candidat à la vente fournisseur: valider délai, prix, unité de vente, contenu et photos, puis appliquer le marqueur interne Produit à commander avant réouverture. Aucune action exécutée."
10357641904475,Pendentif Chrysocolle,pendentif-chrysocolle,https://milaura.fr/products/pendentif-chrysocolle,3701459069101,0,DENY,out_of_stock_non_buyable,exact_reference,EAN/SKU Shopify 3701459069101 = référence fournisseur 3701459069101.,PENDENTIF PIERRE BRUTE CHRYSOCOLLE PÉROU AA 30 À 40MM (LOT 3 PIÈCES),3701459069101,https://camille-ambiance-nature.fr/produit/pendentif-pierre-brute-chrysocolle-perou-aa-30-%C3%A0-40mm-lot-3-pi%C3%A8ces,orderable,Primary Ajouter control observed on the authenticated supplier page.,2026-09-07T15:47:45+02:00,P0,"Pendentifs (rang 7, première page observée)",2026-09-07T15:48:17+02:00,"Urgent: candidat à la vente fournisseur: valider délai, prix, unité de vente, contenu et photos, puis appliquer le marqueur interne Produit à commander avant réouverture. Aucune action exécutée."
10357660221787,Pendentif Rhodonite Serti Ovale,pendentif-rhodonite,https://milaura.fr/products/pendentif-rhodonite,3701459096725,0,DENY,out_of_stock_non_buyable,exact_reference,EAN/SKU Shopify 3701459096725 = référence fournisseur 3701459096725.,PENDENTIF SERTI OVALE RHODONITE BRÉSIL A (LOT 2 PIÈCES),3701459096725,https://camille-ambiance-nature.fr/produit/pendentif-serti-ovale-rhodonite-bresil-a-lot-2-pieces,orderable,Primary Ajouter control observed on the authenticated supplier page.,2026-09-07T15:47:45+02:00,P0,"Pendentifs (rang 5, première page observée)",2026-09-07T15:48:17+02:00,"Urgent: candidat à la vente fournisseur: valider délai, prix, unité de vente, contenu et photos, puis appliquer le marqueur interne Produit à commander avant réouverture. Aucune action exécutée."
10359677157723,Pendule Cornaline,pendule-cornaline,https://milaura.fr/products/pendule-cornaline,3701459053780,0,DENY,out_of_stock_non_buyable,exact_reference,EAN/SKU Shopify 3701459053780 = référence fournisseur 3701459053780.,PENDULE CONIQUE CORNALINE A (LOT 3 PIÈCES),3701459053780,https://camille-ambiance-nature.fr/produit/pendule-conique-cornaline-a-lot-3-pieces,orderable,Primary Ajouter control observed on the authenticated supplier page.,2026-09-07T15:47:45+02:00,P0,"Rituels & Bien-être (rang 10, première page observée)",2026-09-07T15:48:17+02:00,"Urgent: candidat à la vente fournisseur: valider délai, prix, unité de vente, contenu et photos, puis appliquer le marqueur interne Produit à commander avant réouverture. Aucune action exécutée."
10358876275035,Pendule Cristal de Roche,pendule-cristal-de-roche,https://milaura.fr/products/pendule-cristal-de-roche,3701459037605,0,DENY,out_of_stock_non_buyable,exact_reference,EAN/SKU Shopify 3701459037605 = référence fournisseur 3701459037605.,PENDULE HEXAGONAL CRISTAL DE ROCHE A+ (LOT 3 PIÈCES),3701459037605,https://camille-ambiance-nature.fr/produit/pendule-hexagonal-cristal-de-roche-a-lot-3-pieces,orderable,Primary Ajouter control observed on the authenticated supplier page.,2026-09-07T15:47:45+02:00,P0,"Rituels & Bien-être (rang 11, première page observée)",2026-09-07T15:48:17+02:00,"Urgent: candidat à la vente fournisseur: valider délai, prix, unité de vente, contenu et photos, puis appliquer le marqueur interne Produit à commander avant réouverture. Aucune action exécutée."
10359677387099,Pendule Jaspe Rouge,pendule-jaspe-rouge,https://milaura.fr/products/pendule-jaspe-rouge,3701459053872,0,DENY,out_of_stock_non_buyable,exact_reference,EAN/SKU Shopify 3701459053872 = référence fournisseur 3701459053872.,PENDULE ÉGYPTIEN JASPE ROUGE INDE AB (LOT 3 PIÈCES),3701459053872,https://camille-ambiance-nature.fr/produit/pendule-egyptien-jaspe-rouge-inde-ab-lot-3-pi%C3%A8ces,orderable,Primary Ajouter control observed on the authenticated supplier page.,2026-09-07T15:47:45+02:00,P0,"Rituels & Bien-être (rang 12, première page observée)",2026-09-07T15:48:17+02:00,"Urgent: candidat à la vente fournisseur: valider délai, prix, unité de vente, contenu et photos, puis appliquer le marqueur interne Produit à commander avant réouverture. Aucune action exécutée."
10359675978075,Pointe Calcédoine Bleue,pointe-calcedoine-bleue-1,https://milaura.fr/products/pointe-calcedoine-bleue-1,3701459075850,0,DENY,out_of_stock_non_buyable,exact_reference,EAN/SKU Shopify 3701459075850 = référence fournisseur 3701459075850.,POINTE POLIE CALCÉDOINE BLEUE NAMIBIE AAA 80 À 90G (1 PIÈCE),3701459075850,https://camille-ambiance-nature.fr/produit/pointe-polie-calcedoine-bleue-namibie-aaa-80-%C3%A0-90g-1-pi%C3%A8ce,orderable,Primary Ajouter control observed on the authenticated supplier page.,2026-09-07T15:47:45+02:00,P0,"Pierres & Minéraux (rang 5, première page observée)",2026-09-07T15:48:17+02:00,"Urgent: candidat à la vente fournisseur: valider délai, prix, unité de vente, contenu et photos, puis appliquer le marqueur interne Produit à commander avant réouverture. Aucune action exécutée."
10357668577627,Pyramide Sélénite,pyramide-selenite,https://milaura.fr/products/pyramide-selenite,3701459050123,0,DENY,out_of_stock_non_buyable,exact_reference,EAN/SKU Shopify 3701459050123 = référence fournisseur 3701459050123.,OBELISQUE SÉLÉNITE A+ PYRAMIDE 90 À 100MM (1 PIÈCE),3701459050123,https://camille-ambiance-nature.fr/produit/obelisque-selenite-a%2B-pyramide-90-%C3%A0-100mm-1-pi%C3%A8ce,orderable,Primary Ajouter control observed on the authenticated supplier page.,2026-09-07T15:47:45+02:00,P0,"Pierres & Minéraux (rang 6, première page observée)",2026-09-07T15:48:17+02:00,"Urgent: candidat à la vente fournisseur: valider délai, prix, unité de vente, contenu et photos, puis appliquer le marqueur interne Produit à commander avant réouverture. Aucune action exécutée."
10357488484699,Bracelet Amazonite 12mm,bracelet-amazonite-4,https://milaura.fr/products/bracelet-amazonite-4,3701459015788,0,DENY,out_of_stock_non_buyable,exact_reference,EAN/SKU Shopify 3701459015788 = référence fournisseur 3701459015788.,BRACELET BOULE 12MM AMAZONITE PÉROU A,3701459015788,https://camille-ambiance-nature.fr/produit/bracelet-boule-12mm-amazonite-perou-a,rupture,Primary Rupture control observed on the authenticated supplier page.,2026-09-07T15:47:45+02:00,P0,"Bijoux & Pierres Naturelles (rang 3, première page observée)",2026-09-07T15:48:17+02:00,"Urgent: retirer des mises en avant et des campagnes tant que Camille est en rupture; décider ensuite maintien, attente ou retrait avec traitement SEO séparé. Aucune action exécutée."
10357436711259,Bracelet Baroque Citrine,bracelet-citrine,https://milaura.fr/products/bracelet-citrine,3701459051182,0,DENY,out_of_stock_non_buyable,exact_reference,EAN/SKU Shopify 3701459051182 = référence fournisseur 3701459051182.,BRACELET BAROQUE CITRINE MADAGASCAR AA (LOT 5 PIÈCES),3701459051182,https://camille-ambiance-nature.fr/produit/bracelet-baroque-citrine-madagascar-aa-lot-5-pi%C3%A8ces,rupture,Primary Rupture control observed on the authenticated supplier page.,2026-09-07T15:47:45+02:00,P0,"Bijoux & Pierres Naturelles (rang 5, première page observée) | Bracelets pierres (rang 3, première page observée)",2026-09-07T15:48:17+02:00,"Urgent: retirer des mises en avant et des campagnes tant que Camille est en rupture; décider ensuite maintien, attente ou retrait avec traitement SEO séparé. Aucune action exécutée."
10357442707803,Bracelet Baroque Pierre de Soleil,bracelet-pierre-de-soleil,https://milaura.fr/products/bracelet-pierre-de-soleil,3701459058174,0,DENY,out_of_stock_non_buyable,exact_reference,EAN/SKU Shopify 3701459058174 = référence fournisseur 3701459058174.,BRACELET BAROQUE PIERRE DE SOLEIL AA (LOT 5 PIÈCES),3701459058174,https://camille-ambiance-nature.fr/produit/bracelet-baroque-pierre-de-soleil-aa-lot-5-pi%C3%A8ces,rupture,Primary Rupture control observed on the authenticated supplier page.,2026-09-07T15:47:45+02:00,P0,"Bestsellers (rang 7, première page observée)",2026-09-07T15:48:17+02:00,"Urgent: retirer des mises en avant et des campagnes tant que Camille est en rupture; décider ensuite maintien, attente ou retrait avec traitement SEO séparé. Aucune action exécutée."
10357645771099,Pendentif Tourmaline Noire,pendentif-tourmaline-noire,https://milaura.fr/products/pendentif-tourmaline-noire,3701459007097,0,DENY,out_of_stock_non_buyable,exact_reference,EAN/SKU Shopify 3701459007097 = référence fournisseur 3701459007097.,PENDENTIF PIERRE BRUTE TOURMALINE NOIRE A (LOT 5 PIÈCES),3701459007097,https://camille-ambiance-nature.fr/produit/pendentif-pierre-brute-tourmaline-noire-a-lot-5-pi%C3%A8ces,rupture,Primary Rupture control observed on the authenticated supplier page.,2026-09-07T15:47:45+02:00,P0,"Pendentifs (rang 1, première page observée)",2026-09-07T15:48:17+02:00,"Urgent: retirer des mises en avant et des campagnes tant que Camille est en rupture; décider ensuite maintien, attente ou retrait avec traitement SEO séparé. Aucune action exécutée."
10357494055259,Collier Améthyste,collier-amethyste,https://milaura.fr/products/collier-amethyste,3701459084265,0,DENY,out_of_stock_non_buyable,manual_verification_required,"Candidat non concluant: méthode title_match, confiance 0.7907. Vérification humaine requise.",COLLIER LUEUR AMÉTHYSTE AA,3667407018662,https://camille-ambiance-nature.fr/produit/collier-lueur-amethyste-aa,manual_match_required,Primary Ajouter control observed on the authenticated supplier page.,2026-09-07T15:47:45+02:00,P0,"Bestsellers (rang 6, première page observée)",2026-09-07T15:48:17+02:00,"Urgent: résoudre manuellement l'identité fournisseur avant tout changement de vente, stock, contenu ou publicité. Aucune action exécutée."
10402435727707,Pendentif Améthyste Argent Rhodié,pendentif-argent-925-rhodie-modele-10-amethyste-facettee-bre,https://milaura.fr/products/pendentif-argent-925-rhodie-modele-10-amethyste-facettee-bre,,0,DENY,out_of_stock_non_buyable,manual_verification_required,"Candidat non concluant: méthode weak_match, confiance 0.4167. Vérification humaine requise.",PENDENTIF ARGENT 925 RHODIÉ MODÈLE 01 AMÉTHYSTE FACETTÉE BRÉSIL AAA (1 PIÈCE) LOT N°1A0126,3667407014169,https://camille-ambiance-nature.fr/produit/pendentif-argent-925-rhodie-modele-01-amethyste-facettee-bresil-aaa-1-piece-lot-n1a0126,manual_match_required,Primary Ajouter control observed on the authenticated supplier page.,2026-09-07T15:47:45+02:00,P0,"Pendentifs (rang 4, première page observée)",2026-09-07T15:48:17+02:00,"Urgent: résoudre manuellement l'identité fournisseur avant tout changement de vente, stock, contenu ou publicité. Aucune action exécutée."
10488132108635,Bague Aigue-Marine Argent,bague-argent-925-modele-01-aigue-marine-bresil-aa-1-piece-lo,https://milaura.fr/products/bague-argent-925-modele-01-aigue-marine-bresil-aa-1-piece-lo,,0,DENY,out_of_stock_non_buyable,not_found,"Aucune fiche authentifiée retrouvée par EAN/SKU, URL ou handle exact, puis recherche fournisseur.",,,,supplier_page_not_found,,2026-09-07T15:47:45+02:00,P0,"Bagues en pierres naturelles (rang 1, première page observée)",2026-09-07T15:48:17+02:00,Urgent: ne pas convertir en vente fournisseur et ne pas supprimer sans nouvelle preuve d'identité; retirer des mises en avant en attendant la décision. Aucune action exécutée.
10357705539931,Bol Sélénite Rond - 100 mm,bol-selenite-rond-100-mm,https://milaura.fr/products/bol-selenite-rond-100-mm,3701459032457,0,DENY,out_of_stock_non_buyable,not_found,"Aucune fiche authentifiée retrouvée par EAN/SKU, URL ou handle exact, puis recherche fournisseur.",,,,supplier_page_not_found,,2026-09-07T15:47:45+02:00,P0,"Bestsellers (rang 12, première page observée)",2026-09-07T15:48:17+02:00,Urgent: ne pas convertir en vente fournisseur et ne pas supprimer sans nouvelle preuve d'identité; retirer des mises en avant en attendant la décision. Aucune action exécutée.
10357425176923,Boucles d'Oreilles Aventurine,boucles-doreilles-aventurine-1,https://milaura.fr/products/boucles-doreilles-aventurine-1,3701459081875,0,DENY,out_of_stock_non_buyable,not_found,"Aucune fiche authentifiée retrouvée par EAN/SKU, URL ou handle exact, puis recherche fournisseur.",,,,supplier_page_not_found,,2026-09-07T15:47:45+02:00,P0,"Boucles d'oreilles (rang 11, première page observée)",2026-09-07T15:48:17+02:00,Urgent: ne pas convertir en vente fournisseur et ne pas supprimer sans nouvelle preuve d'identité; retirer des mises en avant en attendant la décision. Aucune action exécutée.
10357431206235,Boucles d'Oreilles Obsidienne Noire 8mm,boucles-doreilles-obsidienne-noire,https://milaura.fr/products/boucles-doreilles-obsidienne-noire,3701459082162,0,DENY,out_of_stock_non_buyable,not_found,"Aucune fiche authentifiée retrouvée par EAN/SKU, URL ou handle exact, puis recherche fournisseur.",,,,supplier_page_not_found,,2026-09-07T15:47:45+02:00,P0,"Boucles d'oreilles (rang 9, première page observée)",2026-09-07T15:48:17+02:00,Urgent: ne pas convertir en vente fournisseur et ne pas supprimer sans nouvelle preuve d'identité; retirer des mises en avant en attendant la décision. Aucune action exécutée.
10314320904539,Bougie Réconfort - Calcédoine bleue,bougie-reconfort-neroli-calcedoine,https://milaura.fr/products/bougie-reconfort-neroli-calcedoine,,0,DENY,out_of_stock_non_buyable,not_found,"Aucune fiche authentifiée retrouvée par EAN/SKU, URL ou handle exact, puis recherche fournisseur.",,,,supplier_page_not_found,,2026-09-07T15:47:45+02:00,P0,"Bougies & Senteurs (rang 2, première page observée)",2026-09-07T15:48:17+02:00,Urgent: ne pas convertir en vente fournisseur et ne pas supprimer sans nouvelle preuve d'identité; retirer des mises en avant en attendant la décision. Aucune action exécutée.
10314321101147,Bougie Sérénité - Améthyste,bougie-serenite-the-amethyste,https://milaura.fr/products/bougie-serenite-the-amethyste,,0,DENY,out_of_stock_non_buyable,not_found,"Aucune fiche authentifiée retrouvée par EAN/SKU, URL ou handle exact, puis recherche fournisseur.",,,,supplier_page_not_found,,2026-09-07T15:47:45+02:00,P0,"Bougies & Senteurs (rang 1, première page observée)",2026-09-07T15:48:17+02:00,Urgent: ne pas convertir en vente fournisseur et ne pas supprimer sans nouvelle preuve d'identité; retirer des mises en avant en attendant la décision. Aucune action exécutée.
10357462532443,Bracelet Agate Fleur de Cerisier 8mm,bracelet-agate-fleur-de-cerisier-1,https://milaura.fr/products/bracelet-agate-fleur-de-cerisier-1,3701459029891,0,DENY,out_of_stock_non_buyable,not_found,"Aucune fiche authentifiée retrouvée par EAN/SKU, URL ou handle exact, puis recherche fournisseur.",,,,supplier_page_not_found,,2026-09-07T15:47:45+02:00,P0,"Bestsellers (rang 11, première page observée) | Bijoux & Pierres Naturelles (rang 1, première page observée)",2026-09-07T15:48:17+02:00,Urgent: ne pas convertir en vente fournisseur et ne pas supprimer sans nouvelle preuve d'identité; retirer des mises en avant en attendant la décision. Aucune action exécutée.
10357464793435,Bracelet Agate Indienne 8mm,bracelet-agate-indienne-1,https://milaura.fr/products/bracelet-agate-indienne-1,3701459010424,0,DENY,out_of_stock_non_buyable,not_found,"Aucune fiche authentifiée retrouvée par EAN/SKU, URL ou handle exact, puis recherche fournisseur.",,,,supplier_page_not_found,,2026-09-07T15:47:45+02:00,P0,"Bijoux & Pierres Naturelles (rang 2, première page observée)",2026-09-07T15:48:17+02:00,Urgent: ne pas convertir en vente fournisseur et ne pas supprimer sans nouvelle preuve d'identité; retirer des mises en avant en attendant la décision. Aucune action exécutée.
10357453160795,Bracelet Jade Néphrite 6mm,bracelet-jade-nephrite,https://milaura.fr/products/bracelet-jade-nephrite,3701459009299,0,DENY,out_of_stock_non_buyable,not_found,"Aucune fiche authentifiée retrouvée par EAN/SKU, URL ou handle exact, puis recherche fournisseur.",,,,supplier_page_not_found,,2026-09-07T15:47:45+02:00,P0,"Bijoux & Pierres Naturelles (rang 8, première page observée)",2026-09-07T15:48:17+02:00,Urgent: ne pas convertir en vente fournisseur et ne pas supprimer sans nouvelle preuve d'identité; retirer des mises en avant en attendant la décision. Aucune action exécutée.
10357476295003,Bracelet Jade Néphrite 8mm,bracelet-jade-nephrite-3,https://milaura.fr/products/bracelet-jade-nephrite-3,3701459011162,0,DENY,out_of_stock_non_buyable,not_found,"Aucune fiche authentifiée retrouvée par EAN/SKU, URL ou handle exact, puis recherche fournisseur.",,,,supplier_page_not_found,,2026-09-07T15:47:45+02:00,P0,"Bestsellers (rang 9, première page observée) | Bijoux & Pierres Naturelles (rang 7, première page observée)",2026-09-07T15:48:17+02:00,Urgent: ne pas convertir en vente fournisseur et ne pas supprimer sans nouvelle preuve d'identité; retirer des mises en avant en attendant la décision. Aucune action exécutée.
10357454176603,Bracelet Jaspe Brun 6mm,bracelet-jaspe-brun,https://milaura.fr/products/bracelet-jaspe-brun,3701459009343,0,DENY,out_of_stock_non_buyable,not_found,"Aucune fiche authentifiée retrouvée par EAN/SKU, URL ou handle exact, puis recherche fournisseur.",,,,supplier_page_not_found,,2026-09-07T15:47:45+02:00,P0,"Bijoux & Pierres Naturelles (rang 9, première page observée)",2026-09-07T15:48:17+02:00,Urgent: ne pas convertir en vente fournisseur et ne pas supprimer sans nouvelle preuve d'identité; retirer des mises en avant en attendant la décision. Aucune action exécutée.
10357445525851,Bracelet Jaspe Mokaïte 4mm,bracelet-jaspe-mokaite,https://milaura.fr/products/bracelet-jaspe-mokaite,3701459008285,0,DENY,out_of_stock_non_buyable,not_found,"Aucune fiche authentifiée retrouvée par EAN/SKU, URL ou handle exact, puis recherche fournisseur.",,,,supplier_page_not_found,,2026-09-07T15:47:45+02:00,P0,"Bijoux & Pierres Naturelles (rang 10, première page observée)",2026-09-07T15:48:17+02:00,Urgent: ne pas convertir en vente fournisseur et ne pas supprimer sans nouvelle preuve d'identité; retirer des mises en avant en attendant la décision. Aucune action exécutée.
10357477704027,Bracelet Jaspe Rouge 8mm,bracelet-jaspe-rouge,https://milaura.fr/products/bracelet-jaspe-rouge,3701459052431,0,DENY,out_of_stock_non_buyable,not_found,"Aucune fiche authentifiée retrouvée par EAN/SKU, URL ou handle exact, puis recherche fournisseur.",,,,supplier_page_not_found,,2026-09-07T15:47:45+02:00,P0,"Bestsellers (rang 8, première page observée) | Bijoux & Pierres Naturelles (rang 11, première page observée)",2026-09-07T15:48:17+02:00,Urgent: ne pas convertir en vente fournisseur et ne pas supprimer sans nouvelle preuve d'identité; retirer des mises en avant en attendant la décision. Aucune action exécutée.
10357446017371,Bracelet Péridot 4mm,bracelet-peridot,https://milaura.fr/products/bracelet-peridot,3701459022120,0,DENY,out_of_stock_non_buyable,not_found,"Aucune fiche authentifiée retrouvée par EAN/SKU, URL ou handle exact, puis recherche fournisseur.",,,,supplier_page_not_found,,2026-09-07T15:47:45+02:00,P0,"Bracelets pierres (rang 2, première page observée)",2026-09-07T15:48:17+02:00,Urgent: ne pas convertir en vente fournisseur et ne pas supprimer sans nouvelle preuve d'identité; retirer des mises en avant en attendant la décision. Aucune action exécutée.
10358581952859,Bâton de Sauge Blanche et Rose,sauge-blanche-et-rose,https://milaura.fr/products/sauge-blanche-et-rose,3701459086610,0,DENY,out_of_stock_non_buyable,not_found,"Aucune fiche authentifiée retrouvée par EAN/SKU, URL ou handle exact, puis recherche fournisseur.",,,,supplier_page_not_found,,2026-09-07T15:47:45+02:00,P0,"Rituels & Bien-être (rang 5, première page observée)",2026-09-07T15:48:17+02:00,Urgent: ne pas convertir en vente fournisseur et ne pas supprimer sans nouvelle preuve d'identité; retirer des mises en avant en attendant la décision. Aucune action exécutée.
10357707014491,Distributeur Savon Lapis-Lazuli,distributeur-savon-lapis-lazuli,https://milaura.fr/products/distributeur-savon-lapis-lazuli,3701459085101,0,DENY,out_of_stock_non_buyable,not_found,"Aucune fiche authentifiée retrouvée par EAN/SKU, URL ou handle exact, puis recherche fournisseur.",,,,supplier_page_not_found,,2026-09-07T15:47:45+02:00,P0,"Bestsellers (rang 5, première page observée) | Rituels & Bien-être (rang 6, première page observée) | Savons naturels (rang 7, première page observée)",2026-09-07T15:48:17+02:00,Urgent: ne pas convertir en vente fournisseur et ne pas supprimer sans nouvelle preuve d'identité; retirer des mises en avant en attendant la décision. Aucune action exécutée.
10359674765659,Orgonite Pointe Lapis-Lazuli,pointe-lapis-lazuli,https://milaura.fr/products/pointe-lapis-lazuli,3667407000407,0,DENY,out_of_stock_non_buyable,not_found,"Aucune fiche authentifiée retrouvée par EAN/SKU, URL ou handle exact, puis recherche fournisseur.",,,,supplier_page_not_found,,2026-09-07T15:47:45+02:00,P0,"Pierres & Minéraux (rang 1, première page observée)",2026-09-07T15:48:17+02:00,Urgent: ne pas convertir en vente fournisseur et ne pas supprimer sans nouvelle preuve d'identité; retirer des mises en avant en attendant la décision. Aucune action exécutée.
10357650948443,Pendentif Œil de Sainte Lucie,pendentif-oeil-de-sainte-lucie,https://milaura.fr/products/pendentif-oeil-de-sainte-lucie,3667407010741,0,DENY,out_of_stock_non_buyable,not_found,"Aucune fiche authentifiée retrouvée par EAN/SKU, URL ou handle exact, puis recherche fournisseur.",,,,supplier_page_not_found,,2026-09-07T15:47:45+02:00,P0,"Pendentifs (rang 6, première page observée)",2026-09-07T15:48:17+02:00,Urgent: ne pas convertir en vente fournisseur et ne pas supprimer sans nouvelle preuve d'identité; retirer des mises en avant en attendant la décision. Aucune action exécutée.
10358875881819,Œuf de Yoni Cristal de Roche,oeufs-cristal-de-roche,https://milaura.fr/products/oeufs-cristal-de-roche,3701459064946,0,DENY,out_of_stock_non_buyable,not_found,"Aucune fiche authentifiée retrouvée par EAN/SKU, URL ou handle exact, puis recherche fournisseur.",,,,supplier_page_not_found,,2026-09-07T15:47:45+02:00,P0,"Pierres & Minéraux (rang 4, première page observée)",2026-09-07T15:48:17+02:00,Urgent: ne pas convertir en vente fournisseur et ne pas supprimer sans nouvelle preuve d'identité; retirer des mises en avant en attendant la décision. Aucune action exécutée.
10357681619291,Baguette Pyrite,bague-pyrite,https://milaura.fr/products/bague-pyrite,3701459092857,0,DENY,out_of_stock_non_buyable,exact_reference,EAN/SKU Shopify 3701459092857 = référence fournisseur 3701459092857.,BAGUETTE MODÈLE 02 PYRITE A (1 PIÈCE),3701459092857,https://camille-ambiance-nature.fr/produit/baguette-mod%C3%A8le-02-pyrite-a-1-pi%C3%A8ce,orderable,Primary Ajouter control observed on the authenticated supplier page.,2026-09-07T15:47:45+02:00,P1,Aucune présence observée dans la première page des 12 collections majeures contrôlées.,2026-09-07T15:48:17+02:00,"candidat à la vente fournisseur: valider délai, prix, unité de vente, contenu et photos, puis appliquer le marqueur interne Produit à commander avant réouverture. Aucune action exécutée."
10357443330395,Bracelet Baroque Séraphinite,bracelet-seraphinite,https://milaura.fr/products/bracelet-seraphinite,3701459058181,0,DENY,out_of_stock_non_buyable,exact_reference,EAN/SKU Shopify 3701459058181 = référence fournisseur 3701459058181.,BRACELET BAROQUE SÉRAPHINITE AA (LOT 3 PIÈCES),3701459058181,https://camille-ambiance-nature.fr/produit/bracelet-baroque-seraphinite-aa-lot-3-pi%C3%A8ces,orderable,Primary Ajouter control observed on the authenticated supplier page.,2026-09-07T15:47:45+02:00,P1,Aucune présence observée dans la première page des 12 collections majeures contrôlées.,2026-09-07T15:48:17+02:00,"candidat à la vente fournisseur: valider délai, prix, unité de vente, contenu et photos, puis appliquer le marqueur interne Produit à commander avant réouverture. Aucune action exécutée."
10402430452059,Collier Jaspe Rouge,collier-boule-06mm-jaspe-rouge-a,https://milaura.fr/products/collier-boule-06mm-jaspe-rouge-a,,0,DENY,out_of_stock_non_buyable,exact_supplier_handle,Handle Shopify collier-boule-06mm-jaspe-rouge-a = handle fournisseur collier-boule-06mm-jaspe-rouge-a.,COLLIER BOULE 06MM JASPE ROUGE A,3701459074594,https://camille-ambiance-nature.fr/produit/collier-boule-06mm-jaspe-rouge-a,orderable,Primary Ajouter control observed on the authenticated supplier page.,2026-09-07T15:47:45+02:00,P1,Aucune présence observée dans la première page des 12 collections majeures contrôlées.,2026-09-07T15:48:17+02:00,"candidat à la vente fournisseur: valider délai, prix, unité de vente, contenu et photos, puis appliquer le marqueur interne Produit à commander avant réouverture. Aucune action exécutée."
10357493203291,Collier Pyrite,collier-pyrite-1,https://milaura.fr/products/collier-pyrite-1,3701459074938,0,DENY,out_of_stock_non_buyable,exact_reference,EAN/SKU Shopify 3701459074938 = référence fournisseur 3701459074938.,COLLIER BOULE 08MM PYRITE A,3701459074938,https://camille-ambiance-nature.fr/produit/collier-boule-08mm-pyrite-a,orderable,Primary Ajouter control observed on the authenticated supplier page.,2026-09-07T15:47:45+02:00,P1,Aucune présence observée dans la première page des 12 collections majeures contrôlées.,2026-09-07T15:48:17+02:00,"candidat à la vente fournisseur: valider délai, prix, unité de vente, contenu et photos, puis appliquer le marqueur interne Produit à commander avant réouverture. Aucune action exécutée."
10358581625179,Pendule Labradorite,pendule-labradorite,https://milaura.fr/products/pendule-labradorite,3701459037612,0,DENY,out_of_stock_non_buyable,exact_reference,EAN/SKU Shopify 3701459037612 = référence fournisseur 3701459037612.,PENDULE HEXAGONAL LABRADORITE AB (LOT 3 PIÈCES),3701459037612,https://camille-ambiance-nature.fr/produit/pendule-hexagonal-labradorite-ab-lot-3-pieces,orderable,Primary Ajouter control observed on the authenticated supplier page.,2026-09-07T15:47:45+02:00,P1,Aucune présence observée dans la première page des 12 collections majeures contrôlées.,2026-09-07T15:48:17+02:00,"candidat à la vente fournisseur: valider délai, prix, unité de vente, contenu et photos, puis appliquer le marqueur interne Produit à commander avant réouverture. Aucune action exécutée."
10357688631643,Pendule Œil de Tigre,pendule-oeil-de-tigre,https://milaura.fr/products/pendule-oeil-de-tigre,3701459037650,0,DENY,out_of_stock_non_buyable,exact_reference,EAN/SKU Shopify 3701459037650 = référence fournisseur 3701459037650.,PENDULE HEXAGONAL OEIL DE TIGRE A (LOT 3 PIÈCES),3701459037650,https://camille-ambiance-nature.fr/produit/pendule-hexagonal-oeil-de-tigre-a-lot-3-pieces,orderable,Primary Ajouter control observed on the authenticated supplier page.,2026-09-07T15:47:45+02:00,P1,Aucune présence observée dans la première page des 12 collections majeures contrôlées.,2026-09-07T15:48:17+02:00,"candidat à la vente fournisseur: valider délai, prix, unité de vente, contenu et photos, puis appliquer le marqueur interne Produit à commander avant réouverture. Aucune action exécutée."
10357443854683,Bracelet Baroque Spinelle Noire,bracelet-spinelle-noire,https://milaura.fr/products/bracelet-spinelle-noire,3701459019458,0,DENY,out_of_stock_non_buyable,exact_reference,EAN/SKU Shopify 3701459019458 = référence fournisseur 3701459019458.,BRACELET BAROQUE SPINELLE NOIRE A (LOT 5 PIÈCES),3701459019458,https://camille-ambiance-nature.fr/produit/bracelet-baroque-spinelle-noire-a-lot-5-pi%C3%A8ces,rupture,Primary Rupture control observed on the authenticated supplier page.,2026-09-07T15:47:45+02:00,P1,Aucune présence observée dans la première page des 12 collections majeures contrôlées.,2026-09-07T15:48:17+02:00,"retirer des mises en avant et des campagnes tant que Camille est en rupture; décider ensuite maintien, attente ou retrait avec traitement SEO séparé. Aucune action exécutée."
10358580805979,Pendule Sodalite,pendule-sodalite,https://milaura.fr/products/pendule-sodalite,3701459053834,0,DENY,out_of_stock_non_buyable,exact_reference,EAN/SKU Shopify 3701459053834 = référence fournisseur 3701459053834.,PENDULE CONIQUE SODALITE NAMIBIE A (LOT 3 PIÈCES),3701459053834,https://camille-ambiance-nature.fr/produit/pendule-conique-sodalite-namibie-a-lot-3-pi%C3%A8ces,rupture,Primary Rupture control observed on the authenticated supplier page.,2026-09-07T15:47:45+02:00,P1,Aucune présence observée dans la première page des 12 collections majeures contrôlées.,2026-09-07T15:48:17+02:00,"retirer des mises en avant et des campagnes tant que Camille est en rupture; décider ensuite maintien, attente ou retrait avec traitement SEO séparé. Aucune action exécutée."
10357682766171,Baguette Améthyste,bague-amethyste-1,https://milaura.fr/products/bague-amethyste-1,3701459094295,0,DENY,out_of_stock_non_buyable,manual_verification_required,"Candidat non concluant: méthode ambiguous, confiance 0.5714. Vérification humaine requise.",BAGUETTE MODÈLE 01 AMÉTHYSTE BRÉSIL A (1 PIÈCE),3701459092789,https://camille-ambiance-nature.fr/produit/baguette-mod%C3%A8le-01-amethyste-bresil-a--1-pi%C3%A8ce,manual_match_required,Primary Ajouter control observed on the authenticated supplier page.,2026-09-07T15:47:45+02:00,P1,Aucune présence observée dans la première page des 12 collections majeures contrôlées.,2026-09-07T15:48:17+02:00,"résoudre manuellement l'identité fournisseur avant tout changement de vente, stock, contenu ou publicité. Aucune action exécutée."
10402433433947,Plaque Bois Fleur de Vie,plaque-bois-fleur-de-vie-pleine-creuse-150mm,https://milaura.fr/products/plaque-bois-fleur-de-vie-pleine-creuse-150mm,,0,DENY,out_of_stock_non_buyable,manual_verification_required,"Candidat non concluant: méthode ambiguous, confiance 0.5455. Vérification humaine requise.",PLAQUE BOIS MODÈLE 24 FLEUR DE VIE PLEINE DÉCOUPÉE 250MM (1 PIÈCE),3667407007284,https://camille-ambiance-nature.fr/produit/plaque-bois-modele-24-fleur-de-vie-pleine-decoupee-250mm-1-piece,manual_match_required,Primary Ajouter control observed on the authenticated supplier page.,2026-09-07T15:47:45+02:00,P1,Aucune présence observée dans la première page des 12 collections majeures contrôlées.,2026-09-07T15:48:17+02:00,"résoudre manuellement l'identité fournisseur avant tout changement de vente, stock, contenu ou publicité. Aucune action exécutée."
10357467611483,Bracelet Libérite Bleue 8mm,bracelet-liberite-bleue-1,https://milaura.fr/products/bracelet-liberite-bleue-1,3701459010738,0,DENY,out_of_stock_non_buyable,not_found,"Aucune fiche authentifiée retrouvée par EAN/SKU, URL ou handle exact, puis recherche fournisseur.",,,,supplier_page_not_found,,2026-09-07T15:47:45+02:00,P1,Aucune présence observée dans la première page des 12 collections majeures contrôlées.,2026-09-07T15:48:17+02:00,ne pas convertir en vente fournisseur et ne pas supprimer sans nouvelle preuve d'identité; retirer des mises en avant en attendant la décision. Aucune action exécutée.
10357482062171,Bracelet Opale Dendrite 8mm,bracelet-opale-dendrite,https://milaura.fr/products/bracelet-opale-dendrite,3701459011599,0,DENY,out_of_stock_non_buyable,not_found,"Aucune fiche authentifiée retrouvée par EAN/SKU, URL ou handle exact, puis recherche fournisseur.",,,,supplier_page_not_found,,2026-09-07T15:47:45+02:00,P1,Aucune présence observée dans la première page des 12 collections majeures contrôlées.,2026-09-07T15:48:17+02:00,ne pas convertir en vente fournisseur et ne pas supprimer sans nouvelle preuve d'identité; retirer des mises en avant en attendant la décision. Aucune action exécutée.
10357457256795,Bracelet Péridot 6mm,bracelet-peridot-1,https://milaura.fr/products/bracelet-peridot-1,3701459070008,0,DENY,out_of_stock_non_buyable,not_found,"Aucune fiche authentifiée retrouvée par EAN/SKU, URL ou handle exact, puis recherche fournisseur.",,,,supplier_page_not_found,,2026-09-07T15:47:45+02:00,P1,Aucune présence observée dans la première page des 12 collections majeures contrôlées.,2026-09-07T15:48:17+02:00,ne pas convertir en vente fournisseur et ne pas supprimer sans nouvelle preuve d'identité; retirer des mises en avant en attendant la décision. Aucune action exécutée.
10357459878235,Bracelet Sélénite 6mm,bracelet-selenite,https://milaura.fr/products/bracelet-selenite,3701459066049,0,DENY,out_of_stock_non_buyable,not_found,"Aucune fiche authentifiée retrouvée par EAN/SKU, URL ou handle exact, puis recherche fournisseur.",,,,supplier_page_not_found,,2026-09-07T15:47:45+02:00,P1,Aucune présence observée dans la première page des 12 collections majeures contrôlées.,2026-09-07T15:48:17+02:00,ne pas convertir en vente fournisseur et ne pas supprimer sans nouvelle preuve d'identité; retirer des mises en avant en attendant la décision. Aucune action exécutée.
10504051032411,Pochon en velours camel - Ecrin Mil'Aura,pochon-en-velours-camel-ecrin-milaura,https://milaura.fr/products/pochon-en-velours-camel-ecrin-milaura,MILAURA-POCHON-CAMEL-100120,0,DENY,out_of_stock_non_buyable,not_found,"Aucune fiche authentifiée retrouvée par EAN/SKU, URL ou handle exact, puis recherche fournisseur.",,,,supplier_page_not_found,,2026-09-07T15:47:45+02:00,P1,Aucune présence observée dans la première page des 12 collections majeures contrôlées.,2026-09-07T15:48:17+02:00,ne pas convertir en vente fournisseur et ne pas supprimer sans nouvelle preuve d'identité; retirer des mises en avant en attendant la décision. Aucune action exécutée.
