"shopify_product_id","title","handle","online_store_url","stone_name","stone_handle","content_updated_at","stone_description_length","story_text_length","content_review_status","current_live_second_tab_source"
"10696094056795","Pierre roulée en rhodonite - Galet de 45 mm","pierre-roulee-en-rhodonite-galet-de-45-mm","https://milaura.fr/products/pierre-roulee-en-rhodonite-galet-de-45-mm","Rhodonite","rhodonite","2026-09-05",190,631,"stone_description_too_short","story_text_wrongly_rendered"
"10696093892955","Pierre roulée en howlite blanche - Galet de 45 mm","pierre-roulee-en-howlite-blanche-galet-de-45-mm","https://milaura.fr/products/pierre-roulee-en-howlite-blanche-galet-de-45-mm","Howlite blanche","howlite","2026-09-05",203,605,"stone_description_too_short","story_text_wrongly_rendered"
"10696093827419","Collier argenté en sodalite à pampilles","collier-argente-en-sodalite-a-pampilles","https://milaura.fr/products/collier-argente-en-sodalite-a-pampilles","Sodalite","sodalite","2026-09-05",203,559,"stone_description_too_short","story_text_wrongly_rendered"
"10696093761883","Bracelet doré en cornaline facettée","bracelet-dore-en-cornaline-facettee","https://milaura.fr/products/bracelet-dore-en-cornaline-facettee","Cornaline","cornaline","2026-09-05",193,590,"stone_description_too_short","story_text_wrongly_rendered"
"10696093172059","Bracelet en zoïsite - Perles de 10 mm","bracelet-en-zoisite-perles-de-10-mm","https://milaura.fr/products/bracelet-en-zoisite-perles-de-10-mm","Zoïsite","zoisite","2026-09-05",198,611,"stone_description_too_short","story_text_wrongly_rendered"
"10696093008219","Bracelet en aventurine bleue - Perles de 6 mm","bracelet-en-aventurine-bleue-perles-de-6-mm","https://milaura.fr/products/bracelet-en-aventurine-bleue-perles-de-6-mm","Aventurine bleue","aventurine-bleue","2026-09-05",182,589,"stone_description_too_short","story_text_wrongly_rendered"
"10696092909915","Bracelet doré en sodalite - Perles de 6 mm","bracelet-dore-en-sodalite-perles-de-6-mm","https://milaura.fr/products/bracelet-dore-en-sodalite-perles-de-6-mm","Sodalite","sodalite","2026-09-05",205,584,"stone_description_too_short","story_text_wrongly_rendered"
"10696089174363","Bracelet doré en nacre et pierre de lune","bracelet-dore-en-nacre-et-pierre-de-lune","https://milaura.fr/products/bracelet-dore-en-nacre-et-pierre-de-lune","Nacre et pierre de lune","nacre","2026-09-05",205,615,"stone_description_too_short","story_text_wrongly_rendered"
"10696087798107","Bracelet doré en lapis-lazuli, spinelle et cristal de roche","bracelet-dore-en-lapis-lazuli-spinelle-et-cristal-de-roche","https://milaura.fr/products/bracelet-dore-en-lapis-lazuli-spinelle-et-cristal-de-roche","Lapis-lazuli, spinelle noir et cristal de roche","lapis-lazuli","2026-09-05",217,607,"stone_description_too_short","story_text_wrongly_rendered"
"10696086454619","Bracelet doré en améthyste, cornaline et cristal de roche","bracelet-dore-en-amethyste-cornaline-et-cristal-de-roche","https://milaura.fr/products/bracelet-dore-en-amethyste-cornaline-et-cristal-de-roche","Améthyste, cornaline et cristal de roche","amethyste","2026-09-05",203,612,"stone_description_too_short","story_text_wrongly_rendered"
"10696056242523","Bracelet doré en tourmaline, quartz fumé et aigue-marine","bracelet-dore-en-tourmaline-quartz-fume-et-aigue-marine","https://milaura.fr/products/bracelet-dore-en-tourmaline-quartz-fume-et-aigue-marine","Tourmaline, quartz fumé et aigue-marine","tourmaline","2026-09-05",197,614,"stone_description_too_short","story_text_wrongly_rendered"
"10696056078683","Bracelet doré à fleurs de nacre","bracelet-dore-a-fleurs-de-nacre","https://milaura.fr/products/bracelet-dore-a-fleurs-de-nacre","Nacre","nacre","2026-09-05",181,578,"stone_description_too_short","story_text_wrongly_rendered"
"10696055816539","Bracelet en aventurine verte - Perles de 8 mm","bracelet-en-aventurine-verte-perles-de-8-mm","https://milaura.fr/products/bracelet-en-aventurine-verte-perles-de-8-mm","Aventurine verte","aventurine-verte","2026-09-05",182,581,"stone_description_too_short","story_text_wrongly_rendered"
"10696040087899","Collier doré en œil de tigre","collier-dore-en-oeil-de-tigre","https://milaura.fr/products/collier-dore-en-oeil-de-tigre","Œil de tigre","oeil-de-tigre","2026-09-05",198,538,"stone_description_too_short","story_text_wrongly_rendered"
"10696039858523","Collier doré en labradorite","collier-dore-en-labradorite","https://milaura.fr/products/collier-dore-en-labradorite","Labradorite","labradorite","2026-09-05",209,569,"stone_description_too_short","story_text_wrongly_rendered"
"10696039694683","Collier doré en cristal de roche","collier-dore-en-cristal-de-roche","https://milaura.fr/products/collier-dore-en-cristal-de-roche","Cristal de roche","cristal-de-roche","2026-09-05",218,565,"stone_description_too_short","story_text_wrongly_rendered"
"10521073385819","Collier doré en quartz rose","collier-quartz-rose-boho-dore","https://milaura.fr/products/collier-quartz-rose-boho-dore","Quartz rose","quartz-rose","2026-09-05",167,553,"stone_description_too_short","story_text_wrongly_rendered"
"10557523099995","Collier doré en aventurine verte","collier-aventurine-verte-boho-dore","https://milaura.fr/products/collier-aventurine-verte-boho-dore","Aventurine verte","aventurine-verte","2026-09-05",162,492,"stone_description_too_short","story_text_wrongly_rendered"
"10557516644699","Collier doré en obsidienne noire","collier-obsidienne-noire-boho-dore","https://milaura.fr/products/collier-obsidienne-noire-boho-dore","Obsidienne noire","obsidienne-noire","2026-09-05",134,439,"stone_description_too_short","story_text_wrongly_rendered"
"10637436584283","Boucles d'oreilles dorées en aigue-marine naturelle - 36 mm","boucles-d-oreilles-dorees-en-aigue-marine-naturelle-36-mm","https://milaura.fr/products/boucles-d-oreilles-dorees-en-aigue-marine-naturelle-36-mm","Aigue-marine","aigue-marine","2026-08-11",204,1082,"stone_description_too_short","story_text_wrongly_rendered"
"10669625966939","Bracelet Horus doré en sodalite 6 mm","bracelet-horus-dore-en-sodalite-6-mm","https://milaura.fr/products/bracelet-horus-dore-en-sodalite-6-mm","Sodalite","sodalite","2026-08-25",102,650,"stone_description_too_short","story_text_wrongly_rendered"
"10669953122651","Collier boho doré en améthyste - 38 à 43 cm","collier-boho-dore-en-amethyste-38-a-43-cm","https://milaura.fr/products/collier-boho-dore-en-amethyste-38-a-43-cm","Améthyste","amethyste","2026-08-30",108,495,"stone_description_too_short","story_text_wrongly_rendered"
"10669947781467","Bracelet Iris doré en aigue-marine, cornaline et grenat 4 mm","bracelet-iris-dore-en-aigue-marine-cornaline-et-grenat-4-mm","https://milaura.fr/products/bracelet-iris-dore-en-aigue-marine-cornaline-et-grenat-4-mm","Aigue-marine, cornaline et grenat","aigue-marine","2026-08-30",119,553,"stone_description_too_short","story_text_wrongly_rendered"
"10694386745691","Sphère en agate indienne - 30 mm","sphere-en-agate-indienne-30-mm","https://milaura.fr/products/sphere-en-agate-indienne-30-mm","Agate indienne","agate","2026-09-04",207,591,"stone_description_too_short","story_text_wrongly_rendered"
"10694393463131","Sphère en jaspe héliotrope - 30 mm","sphere-en-jaspe-heliotrope-30-mm","https://milaura.fr/products/sphere-en-jaspe-heliotrope-30-mm","Jaspe héliotrope","jaspe-heliotrope","2026-09-04",176,581,"stone_description_too_short","story_text_wrongly_rendered"
"10694387368283","Sphère en jade de Chine - 30 mm","sphere-en-jade-de-chine-30-mm","https://milaura.fr/products/sphere-en-jade-de-chine-30-mm","Jade de Chine","jade","2026-09-04",205,588,"stone_description_too_short","story_text_wrongly_rendered"
"10694383010139","Accessoire porte-clés goutte en quartz rose","accessoire-porte-cles-goutte-en-quartz-rose","https://milaura.fr/products/accessoire-porte-cles-goutte-en-quartz-rose","Quartz rose","quartz-rose","2026-09-04",146,551,"stone_description_too_short","story_text_wrongly_rendered"
"10694385860955","Accessoire porte-clés en améthyste claire","accessoire-porte-cles-en-amethyste-claire","https://milaura.fr/products/accessoire-porte-cles-en-amethyste-claire","Améthyste","amethyste","2026-09-04",151,561,"stone_description_too_short","story_text_wrongly_rendered"
"10694371541339","Accessoire flacon roll-on en œil de tigre","accessoire-flacon-roll-on-en-oeil-de-tigre","https://milaura.fr/products/accessoire-flacon-roll-on-en-oeil-de-tigre","Œil de tigre","oeil-de-tigre","2026-09-04",135,537,"stone_description_too_short","story_text_wrongly_rendered"
"10694375965019","Orgonite 7 chakras - 60 mm","orgonite-7-chakras-60-mm","https://milaura.fr/products/orgonite-7-chakras-60-mm","Pierres 7 chakras","","2026-09-04",134,488,"stone_description_too_short","story_text_wrongly_rendered"
"10694373769563","Accessoire minéral grenouille en quartz rose - 50 mm","accessoire-mineral-grenouille-en-quartz-rose-50-mm","https://milaura.fr/products/accessoire-mineral-grenouille-en-quartz-rose-50-mm","Quartz rose","quartz-rose","2026-09-04",148,480,"stone_description_too_short","story_text_wrongly_rendered"
"10694372163931","Accessoire flacon roll-on en quartz rose","accessoire-flacon-roll-on-en-quartz-rose","https://milaura.fr/products/accessoire-flacon-roll-on-en-quartz-rose","Quartz rose","quartz-rose","2026-09-04",149,550,"stone_description_too_short","story_text_wrongly_rendered"
"10694371279195","Accessoire flacon roll-on en obsidienne noire","accessoire-flacon-roll-on-en-obsidienne-noire","https://milaura.fr/products/accessoire-flacon-roll-on-en-obsidienne-noire","Obsidienne noire","obsidienne-noire","2026-09-04",129,535,"stone_description_too_short","story_text_wrongly_rendered"
"10694376849755","Accessoire minéral pointe biterminée en cristal de roche - 30 mm","accessoire-mineral-pointe-biterminee-en-cristal-de-roche-30-mm","https://milaura.fr/products/accessoire-mineral-pointe-biterminee-en-cristal-de-roche-30-mm","Cristal de roche","cristal-de-roche","2026-09-04",138,467,"stone_description_too_short","story_text_wrongly_rendered"
"10694312657243","Coffret découverte 7 chakras","coffret-decouverte-7-chakras","https://milaura.fr/products/coffret-decouverte-7-chakras","Coffret en carton et sélection minérale","","2026-09-04",0,463,"missing_stone_description","story_text_wrongly_rendered"
"10694315376987","Accessoire flacon roll-on en fluorine multicolore","accessoire-flacon-roll-on-en-fluorine-multicolore","https://milaura.fr/products/accessoire-flacon-roll-on-en-fluorine-multicolore","Fluorine multicolore","fluorine","2026-09-04",159,569,"stone_description_too_short","story_text_wrongly_rendered"
"10694314066267","Accessoire flacon roll-on en aventurine verte","accessoire-flacon-roll-on-en-aventurine-verte","https://milaura.fr/products/accessoire-flacon-roll-on-en-aventurine-verte","Aventurine verte","aventurine-verte","2026-09-04",144,550,"stone_description_too_short","story_text_wrongly_rendered"
"10694313869659","Accessoire minéral croissant gravé en sélénite - 70 à 80 mm","accessoire-mineral-croissant-grave-en-selenite-70-a-80-mm","https://milaura.fr/products/accessoire-mineral-croissant-grave-en-selenite-70-a-80-mm","Sélénite","selenite","2026-09-04",146,438,"stone_description_too_short","story_text_wrongly_rendered"
"10694255837531","Bracelet baroque en quartz rose de Madagascar - 16 à 18 cm","bracelet-baroque-en-quartz-rose-de-madagascar-16-a-18-cm","https://milaura.fr/products/bracelet-baroque-en-quartz-rose-de-madagascar-16-a-18-cm","Quartz rose","quartz-rose","2026-09-04",157,481,"stone_description_too_short","story_text_wrongly_rendered"
"10694314754395","Accessoire flacon roll-on en cristal de roche","accessoire-flacon-roll-on-en-cristal-de-roche","https://milaura.fr/products/accessoire-flacon-roll-on-en-cristal-de-roche","Cristal de roche","cristal-de-roche","2026-09-04",147,553,"stone_description_too_short","story_text_wrongly_rendered"
"10694305808731","Bracelet en quartz rose du Brésil 6 mm - 16 à 18 cm","bracelet-en-quartz-rose-du-bresil-6-mm-16-a-18-cm","https://milaura.fr/products/bracelet-en-quartz-rose-du-bresil-6-mm-16-a-18-cm","Quartz rose","quartz-rose","2026-09-04",146,412,"stone_description_too_short","story_text_wrongly_rendered"
"10694252396891","Bracelet baroque en citrine chauffée - 16 à 18 cm","bracelet-baroque-en-citrine-chauffee-16-a-18-cm","https://milaura.fr/products/bracelet-baroque-en-citrine-chauffee-16-a-18-cm","Citrine chauffée","citrine","2026-09-04",171,472,"stone_description_too_short","story_text_wrongly_rendered"
"10694247350619","Bracelet baroque en aventurine verte - 16 à 18 cm","bracelet-baroque-en-aventurine-verte-16-a-18-cm","https://milaura.fr/products/bracelet-baroque-en-aventurine-verte-16-a-18-cm","Aventurine verte","aventurine-verte","2026-09-04",158,476,"stone_description_too_short","story_text_wrongly_rendered"
"10693995168091","Accessoire minéral Bouddha en cristal de roche - 40 mm","accessoire-mineral-bouddha-en-cristal-de-roche-40-mm","https://milaura.fr/products/accessoire-mineral-bouddha-en-cristal-de-roche-40-mm","Cristal de roche","cristal-de-roche","2026-09-04",146,462,"stone_description_too_short","story_text_wrongly_rendered"
"10693966266715","Pendentif cœur en fluorine verte 15 mm","pendentif-coeur-en-fluorine-verte-15-mm","https://milaura.fr/products/pendentif-coeur-en-fluorine-verte-15-mm","Fluorine verte","fluorine","2026-09-04",132,450,"stone_description_too_short","story_text_wrongly_rendered"
"10693992972635","Distributeur de savon en quartz rose - 100 à 150 mm","distributeur-de-savon-en-quartz-rose-100-a-150-mm","https://milaura.fr/products/distributeur-de-savon-en-quartz-rose-100-a-150-mm","Quartz rose","quartz-rose","2026-09-04",156,460,"stone_description_too_short","story_text_wrongly_rendered"
"10694000738651","Bracelet baroque en ambre jaune - 16 à 18 cm","bracelet-baroque-en-ambre-jaune-16-a-18-cm","https://milaura.fr/products/bracelet-baroque-en-ambre-jaune-16-a-18-cm","Ambre jaune","ambre","2026-09-04",158,443,"stone_description_too_short","story_text_wrongly_rendered"
"10693997953371","Accessoire minéral Bouddha en jaspe rouge - 50 mm","accessoire-mineral-bouddha-en-jaspe-rouge-50-mm","https://milaura.fr/products/accessoire-mineral-bouddha-en-jaspe-rouge-50-mm","Jaspe rouge","jaspe-rouge","2026-09-04",155,462,"stone_description_too_short","story_text_wrongly_rendered"
"10693964497243","Bracelet en aigue-marine 4,5 à 5,5 mm - 16 à 18 cm","bracelet-en-aigue-marine-4-5-a-5-5-mm-16-a-18-cm","https://milaura.fr/products/bracelet-en-aigue-marine-4-5-a-5-5-mm-16-a-18-cm","Aigue-marine","aigue-marine","2026-09-04",121,422,"stone_description_too_short","story_text_wrongly_rendered"
"10693911839067","Savon à la framboise","savon-a-la-framboise","https://milaura.fr/products/savon-a-la-framboise","Savon parfum framboise","","2026-09-04",0,425,"missing_stone_description","story_text_wrongly_rendered"
"10693899485531","Collier en quartz rose 4 mm - 45 cm","collier-en-quartz-rose-4-mm-45-cm","https://milaura.fr/products/collier-en-quartz-rose-4-mm-45-cm","Quartz rose","quartz-rose","2026-09-04",122,412,"stone_description_too_short","story_text_wrongly_rendered"
"10693894406491","Bracelet en obsidienne noire 10 mm - 16 à 18 cm","bracelet-en-obsidienne-noire-10-mm-16-a-18-cm","https://milaura.fr/products/bracelet-en-obsidienne-noire-10-mm-16-a-18-cm","Obsidienne noire","obsidienne-noire","2026-09-04",160,489,"stone_description_too_short","story_text_wrongly_rendered"
"10693910004059","Savon à l'argan","savon-a-l-argan","https://milaura.fr/products/savon-a-l-argan","Savon parfum argan","","2026-09-04",0,412,"missing_stone_description","story_text_wrongly_rendered"
"10693962498395","Bracelet en cornaline 10 mm - 16 à 18 cm","bracelet-en-cornaline-10-mm-16-a-18-cm","https://milaura.fr/products/bracelet-en-cornaline-10-mm-16-a-18-cm","Cornaline","cornaline","2026-09-04",151,409,"stone_description_too_short","story_text_wrongly_rendered"
"10693916918107","Savon à la verveine","savon-a-la-verveine","https://milaura.fr/products/savon-a-la-verveine","Savon parfum verveine","","2026-09-04",0,419,"missing_stone_description","story_text_wrongly_rendered"
"10693898174811","Bracelet en cornaline 14 mm - 16 à 18 cm","bracelet-en-cornaline-14-mm-16-a-18-cm","https://milaura.fr/products/bracelet-en-cornaline-14-mm-16-a-18-cm","Cornaline","cornaline","2026-09-04",150,411,"stone_description_too_short","story_text_wrongly_rendered"
"10693915738459","Savon à la rose","savon-a-la-rose","https://milaura.fr/products/savon-a-la-rose","Savon parfum rose","","2026-09-04",0,419,"missing_stone_description","story_text_wrongly_rendered"
"10693884969307","Bracelet en citrine chauffée 8 mm - 16 à 18 cm","bracelet-en-citrine-chauffee-8-mm-16-a-18-cm","https://milaura.fr/products/bracelet-en-citrine-chauffee-8-mm-16-a-18-cm","Citrine chauffée","citrine","2026-09-04",135,412,"stone_description_too_short","story_text_wrongly_rendered"
"10693913772379","Savon au miel","savon-au-miel","https://milaura.fr/products/savon-au-miel","Savon parfum miel","","2026-09-04",0,431,"missing_stone_description","story_text_wrongly_rendered"
"10693896765787","Bracelet en quartz rose 12 mm - 16 à 18 cm","bracelet-en-quartz-rose-12-mm-16-a-18-cm","https://milaura.fr/products/bracelet-en-quartz-rose-12-mm-16-a-18-cm","Quartz rose","quartz-rose","2026-09-04",160,463,"stone_description_too_short","story_text_wrongly_rendered"
"10685849862491","Bracelet fin en hématite - Perles de 4 mm","bracelet-fin-en-hematite-perles-de-4-mm","https://milaura.fr/products/bracelet-fin-en-hematite-perles-de-4-mm","Hématite","hematite","2026-09-01",102,375,"stone_description_too_short","story_text_wrongly_rendered"
"10358580412763","Oeuf Agate","oeuf-agate","https://milaura.fr/products/oeuf-agate","Agate","agate","",0,674,"missing_stone_description","story_text_wrongly_rendered"
"10357443330395","Bracelet Baroque Séraphinite","bracelet-seraphinite","https://milaura.fr/products/bracelet-seraphinite","Séraphinite","seraphinite","",0,690,"missing_stone_description","story_text_wrongly_rendered"
"10357688631643","Pendule Œil de Tigre","pendule-oeil-de-tigre","https://milaura.fr/products/pendule-oeil-de-tigre","Oeil De Tigre","oeil-de-tigre","",0,643,"missing_stone_description","story_text_wrongly_rendered"
"10357476295003","Bracelet Jade Néphrite 8mm","bracelet-jade-nephrite-3","https://milaura.fr/products/bracelet-jade-nephrite-3","Jade","jade","",0,801,"missing_stone_description","story_text_wrongly_rendered"
"10357464793435","Bracelet Agate Indienne 8mm","bracelet-agate-indienne-1","https://milaura.fr/products/bracelet-agate-indienne-1","Agate","agate","",0,658,"missing_stone_description","story_text_wrongly_rendered"
"10357454176603","Bracelet Jaspe Brun 6mm","bracelet-jaspe-brun","https://milaura.fr/products/bracelet-jaspe-brun","Jaspe","jaspe","",0,608,"missing_stone_description","story_text_wrongly_rendered"
"10357436711259","Bracelet Baroque Citrine","bracelet-citrine","https://milaura.fr/products/bracelet-citrine","Citrine","citrine","",0,772,"missing_stone_description","story_text_wrongly_rendered"
"10357442707803","Bracelet Baroque Pierre de Soleil","bracelet-pierre-de-soleil","https://milaura.fr/products/bracelet-pierre-de-soleil","Pierre De Soleil","pierre-de-soleil","",0,719,"missing_stone_description","story_text_wrongly_rendered"
"10488166220123","Bracelet Lapis Lazuli Onyx","bracelet-celyos-argente-lapis-lazuli-onyx-a","https://milaura.fr/products/bracelet-celyos-argente-lapis-lazuli-onyx-a","Lapis Lazuli","lapis-lazuli","",395,624,"semantic_review_required","story_text_wrongly_rendered"
"10357668577627","Pyramide Sélénite","pyramide-selenite","https://milaura.fr/products/pyramide-selenite","Sélénite","selenite","",0,805,"missing_stone_description","story_text_wrongly_rendered"
"10402430452059","Collier Jaspe Rouge","collier-boule-06mm-jaspe-rouge-a","https://milaura.fr/products/collier-boule-06mm-jaspe-rouge-a","Jaspe Rouge","jaspe-rouge","",492,605,"semantic_review_required","story_text_wrongly_rendered"
"10357486027099","Bracelet Aventurine Rouge 10mm","bracelet-aventurine-rouge-1","https://milaura.fr/products/bracelet-aventurine-rouge-1","Aventurine","aventurine","",0,676,"missing_stone_description","story_text_wrongly_rendered"
"10357425176923","Boucles d'Oreilles Aventurine","boucles-doreilles-aventurine-1","https://milaura.fr/products/boucles-doreilles-aventurine-1","Aventurine","aventurine","",0,524,"missing_stone_description","story_text_wrongly_rendered"
"10314320904539","Bougie Réconfort - Calcédoine bleue","bougie-reconfort-neroli-calcedoine","https://milaura.fr/products/bougie-reconfort-neroli-calcedoine","Calcédoine bleue","calcedoine-bleue","",0,276,"missing_stone_description","story_text_wrongly_rendered"
"10357707014491","Distributeur Savon Lapis-Lazuli","distributeur-savon-lapis-lazuli","https://milaura.fr/products/distributeur-savon-lapis-lazuli","Lapis Lazuli","lapis-lazuli","",0,670,"missing_stone_description","story_text_wrongly_rendered"
"10357641904475","Pendentif Chrysocolle","pendentif-chrysocolle","https://milaura.fr/products/pendentif-chrysocolle","Chrysocolle","chrysocolle","",0,763,"missing_stone_description","story_text_wrongly_rendered"
"10314321101147","Bougie Sérénité - Améthyste","bougie-serenite-the-amethyste","https://milaura.fr/products/bougie-serenite-the-amethyste","Améthyste","amethyste","",0,286,"missing_stone_description","story_text_wrongly_rendered"
"10358580805979","Pendule Sodalite","pendule-sodalite","https://milaura.fr/products/pendule-sodalite","Sodalite","sodalite","",0,677,"missing_stone_description","story_text_wrongly_rendered"
"10357488484699","Bracelet Amazonite 12mm","bracelet-amazonite-4","https://milaura.fr/products/bracelet-amazonite-4","Amazonite","amazonite","",0,662,"missing_stone_description","story_text_wrongly_rendered"
"10357635547483","Pendentif Aventurine","pendentif-aventurine","https://milaura.fr/products/pendentif-aventurine","Aventurine","aventurine","",0,777,"missing_stone_description","story_text_wrongly_rendered"
"10357440446811","Bracelet Baroque Labradorite","bracelet-labradorite","https://milaura.fr/products/bracelet-labradorite","Labradorite","labradorite","",0,645,"missing_stone_description","story_text_wrongly_rendered"
"10359677387099","Pendule Jaspe Rouge","pendule-jaspe-rouge","https://milaura.fr/products/pendule-jaspe-rouge","Jaspe","jaspe","",0,802,"missing_stone_description","story_text_wrongly_rendered"
"10358581625179","Pendule Labradorite","pendule-labradorite","https://milaura.fr/products/pendule-labradorite","Labradorite","labradorite","",0,747,"missing_stone_description","story_text_wrongly_rendered"
"10357462532443","Bracelet Agate Fleur de Cerisier 8mm","bracelet-agate-fleur-de-cerisier-1","https://milaura.fr/products/bracelet-agate-fleur-de-cerisier-1","Agate","agate","",0,686,"missing_stone_description","story_text_wrongly_rendered"
"10357445525851","Bracelet Jaspe Mokaïte 4mm","bracelet-jaspe-mokaite","https://milaura.fr/products/bracelet-jaspe-mokaite","Jaspe","jaspe","",0,542,"missing_stone_description","story_text_wrongly_rendered"
"10357431206235","Boucles d'Oreilles Obsidienne Noire 8mm","boucles-doreilles-obsidienne-noire","https://milaura.fr/products/boucles-doreilles-obsidienne-noire","Obsidienne","obsidienne","",0,651,"missing_stone_description","story_text_wrongly_rendered"
"10359677157723","Pendule Cornaline","pendule-cornaline","https://milaura.fr/products/pendule-cornaline","Cornaline","cornaline","",0,770,"missing_stone_description","story_text_wrongly_rendered"
"10357645771099","Pendentif Tourmaline Noire","pendentif-tourmaline-noire","https://milaura.fr/products/pendentif-tourmaline-noire","Tourmaline","tourmaline","",0,475,"missing_stone_description","story_text_wrongly_rendered"
"10359674765659","Orgonite Pointe Lapis-Lazuli","pointe-lapis-lazuli","https://milaura.fr/products/pointe-lapis-lazuli","Lapis Lazuli","lapis-lazuli","",0,870,"missing_stone_description","story_text_wrongly_rendered"
"10357682766171","Baguette Améthyste","bague-amethyste-1","https://milaura.fr/products/bague-amethyste-1","Améthyste","amethyste","",0,559,"missing_stone_description","story_text_wrongly_rendered"
"10357710029147","Distributeur Savon Quartz Rose","savon-quartz-rose","https://milaura.fr/products/savon-quartz-rose","Quartz Rose","quartz-rose","",0,637,"missing_stone_description","story_text_wrongly_rendered"
"10357660221787","Pendentif Rhodonite Serti Ovale","pendentif-rhodonite","https://milaura.fr/products/pendentif-rhodonite","Rhodonite","rhodonite","",0,664,"missing_stone_description","story_text_wrongly_rendered"
"10357446017371","Bracelet Péridot 4mm","bracelet-peridot","https://milaura.fr/products/bracelet-peridot","Péridot","peridot","",0,687,"missing_stone_description","story_text_wrongly_rendered"
"10357681619291","Baguette Pyrite","bague-pyrite","https://milaura.fr/products/bague-pyrite","Pyrite","pyrite","",0,674,"missing_stone_description","story_text_wrongly_rendered"
"10402435727707","Pendentif Améthyste Argent Rhodié","pendentif-argent-925-rhodie-modele-10-amethyste-facettee-bre","https://milaura.fr/products/pendentif-argent-925-rhodie-modele-10-amethyste-facettee-bre","Améthyste","amethyste","",455,717,"semantic_review_required","story_text_wrongly_rendered"
"10357493203291","Collier Pyrite","collier-pyrite-1","https://milaura.fr/products/collier-pyrite-1","Pyrite","pyrite","",0,788,"missing_stone_description","story_text_wrongly_rendered"
"10357482062171","Bracelet Opale Dendrite 8mm","bracelet-opale-dendrite","https://milaura.fr/products/bracelet-opale-dendrite","Opale","opale","",0,752,"missing_stone_description","story_text_wrongly_rendered"
"10357494055259","Collier Améthyste","collier-amethyste","https://milaura.fr/products/collier-amethyste","Améthyste","amethyste","",0,643,"missing_stone_description","story_text_wrongly_rendered"
"10359675158875","Orgonite Pointe Obsidienne","pointe-obsidienne","https://milaura.fr/products/pointe-obsidienne","Obsidienne","obsidienne","",0,707,"missing_stone_description","story_text_wrongly_rendered"
"10357453160795","Bracelet Jade Néphrite 6mm","bracelet-jade-nephrite","https://milaura.fr/products/bracelet-jade-nephrite","Jade","jade","",0,634,"missing_stone_description","story_text_wrongly_rendered"
"10357705539931","Bol Sélénite Rond - 100 mm","bol-selenite-rond-100-mm","https://milaura.fr/products/bol-selenite-rond-100-mm","Sélénite","selenite","",0,699,"missing_stone_description","story_text_wrongly_rendered"
"10357477704027","Bracelet Jaspe Rouge 8mm","bracelet-jaspe-rouge","https://milaura.fr/products/bracelet-jaspe-rouge","Jaspe","jaspe","",0,808,"missing_stone_description","story_text_wrongly_rendered"
"10357457256795","Bracelet Péridot 6mm","bracelet-peridot-1","https://milaura.fr/products/bracelet-peridot-1","Péridot","peridot","",0,813,"missing_stone_description","story_text_wrongly_rendered"
"10357443854683","Bracelet Baroque Spinelle Noire","bracelet-spinelle-noire","https://milaura.fr/products/bracelet-spinelle-noire","Spinelle","spinelle","",0,658,"missing_stone_description","story_text_wrongly_rendered"
"10357459878235","Bracelet Sélénite 6mm","bracelet-selenite","https://milaura.fr/products/bracelet-selenite","Sélénite","selenite","",0,600,"missing_stone_description","story_text_wrongly_rendered"
"10488132108635","Bague Aigue-Marine Argent","bague-argent-925-modele-01-aigue-marine-bresil-aa-1-piece-lo","https://milaura.fr/products/bague-argent-925-modele-01-aigue-marine-bresil-aa-1-piece-lo","Aigue-Marine","aigue-marine","",530,616,"semantic_review_required","story_text_wrongly_rendered"
"10690121400667","Bracelet baroque en améthyste du Brésil - 16 à 18 cm","bracelet-baroque-en-amethyste-du-bresil-16-a-18-cm","https://milaura.fr/products/bracelet-baroque-en-amethyste-du-bresil-16-a-18-cm","Améthyste du Brésil","amethyste","2026-09-02",111,487,"stone_description_too_short","story_text_wrongly_rendered"
"10690121171291","Bracelet baroque 7 chakras avec améthyste","bracelet-baroque-7-chakras-avec-amethyste","https://milaura.fr/products/bracelet-baroque-7-chakras-avec-amethyste","Améthyste et association minérale 7 chakras","amethyste","2026-09-02",265,550,"semantic_review_required","story_text_wrongly_rendered"
"10690121990491","Bracelet baroque en apatite bleue - 16 à 18 cm","bracelet-baroque-en-apatite-bleue-16-a-18-cm","https://milaura.fr/products/bracelet-baroque-en-apatite-bleue-16-a-18-cm","Apatite bleue","apatite-bleue","2026-09-02",108,471,"stone_description_too_short","story_text_wrongly_rendered"
"10690122514779","Bracelet en calcédoine bleue de Namibie - Perles de 6 mm","bracelet-en-calcedoine-bleue-de-namibie-perles-de-6-mm","https://milaura.fr/products/bracelet-en-calcedoine-bleue-de-namibie-perles-de-6-mm","Calcédoine bleue de Namibie","calcedoine-bleue","2026-09-02",89,454,"stone_description_too_short","story_text_wrongly_rendered"
"10690122875227","Bracelet en cornaline - Perles de 6 mm","bracelet-en-cornaline-perles-de-6-mm","https://milaura.fr/products/bracelet-en-cornaline-perles-de-6-mm","Cornaline","cornaline","2026-09-02",114,477,"stone_description_too_short","story_text_wrongly_rendered"
"10690123563355","Bracelet en malachite - Perles de 6 mm","bracelet-en-malachite-perles-de-6-mm","https://milaura.fr/products/bracelet-en-malachite-perles-de-6-mm","Malachite","malachite","2026-09-02",107,473,"stone_description_too_short","story_text_wrongly_rendered"
"10690123759963","Bracelet en pierre de lune multicolore - Perles de 6 mm","bracelet-en-pierre-de-lune-multicolore-perles-de-6-mm","https://milaura.fr/products/bracelet-en-pierre-de-lune-multicolore-perles-de-6-mm","Pierre de lune multicolore","pierre-de-lune","2026-09-02",109,464,"stone_description_too_short","story_text_wrongly_rendered"
"10690123923803","Bracelet en agate bandée - Perles de 8 mm","bracelet-en-agate-bandee-perles-de-8-mm","https://milaura.fr/products/bracelet-en-agate-bandee-perles-de-8-mm","Agate bandée","agate","2026-09-02",132,470,"stone_description_too_short","story_text_wrongly_rendered"
"10690124251483","Bracelet en aigue-marine chauffée du Brésil - Perles de 8 mm","bracelet-en-aigue-marine-chauffee-du-bresil-perles-de-8-mm","https://milaura.fr/products/bracelet-en-aigue-marine-chauffee-du-bresil-perles-de-8-mm","Aigue-marine chauffée du Brésil","aigue-marine","2026-09-02",118,454,"stone_description_too_short","story_text_wrongly_rendered"
"10690123399515","Bracelet en howlite blanche - Perles de 6 mm","bracelet-en-howlite-blanche-perles-de-6-mm","https://milaura.fr/products/bracelet-en-howlite-blanche-perles-de-6-mm","Howlite blanche","howlite","2026-09-02",87,461,"stone_description_too_short","story_text_wrongly_rendered"
"10685905011035","Bracelet Unys argenté en onyx et œil de taureau","bracelet-unys-argente-en-onyx-et-oeil-de-taureau","https://milaura.fr/products/bracelet-unys-argente-en-onyx-et-oeil-de-taureau","Onyx","onyx","2026-09-01",132,468,"stone_description_too_short","story_text_wrongly_rendered"
"10685831545179","Bracelet baroque en fluorine multicolore - 16 à 18 cm","bracelet-baroque-en-fluorine-multicolore-16-a-18-cm","https://milaura.fr/products/bracelet-baroque-en-fluorine-multicolore-16-a-18-cm","Fluorine multicolore","fluorine","2026-09-01",117,380,"stone_description_too_short","story_text_wrongly_rendered"
"10685841965403","Bracelet baroque en hématite - 16 à 18 cm","bracelet-baroque-en-hematite-16-a-18-cm","https://milaura.fr/products/bracelet-baroque-en-hematite-16-a-18-cm","Hématite","hematite","2026-09-01",109,379,"stone_description_too_short","story_text_wrongly_rendered"
"10685857726811","Bracelet en amazonite des États-Unis - Perles de 6 mm","bracelet-en-amazonite-des-etats-unis-perles-de-6-mm","https://milaura.fr/products/bracelet-en-amazonite-des-etats-unis-perles-de-6-mm","Amazonite","amazonite","2026-09-01",112,387,"stone_description_too_short","story_text_wrongly_rendered"
"10685865787739","Bracelet en hématite - Perles de 6 mm","bracelet-en-hematite-perles-de-6-mm","https://milaura.fr/products/bracelet-en-hematite-perles-de-6-mm","Hématite","hematite","2026-09-01",102,367,"stone_description_too_short","story_text_wrongly_rendered"
"10685873619291","Collier en howlite blanche 8 mm - 45 cm","collier-en-howlite-blanche-8-mm-45-cm","https://milaura.fr/products/collier-en-howlite-blanche-8-mm-45-cm","Howlite blanche","howlite","2026-09-01",108,381,"stone_description_too_short","story_text_wrongly_rendered"
"10685881123163","Boucles d'oreilles puces en améthyste - 8 mm","boucles-d-oreilles-puces-en-amethyste-8-mm","https://milaura.fr/products/boucles-d-oreilles-puces-en-amethyste-8-mm","Améthyste","amethyste","2026-09-01",120,420,"stone_description_too_short","story_text_wrongly_rendered"
"10685889380699","Boucles d'oreilles puces en cornaline - 10 mm","boucles-d-oreilles-puces-en-cornaline-10-mm","https://milaura.fr/products/boucles-d-oreilles-puces-en-cornaline-10-mm","Cornaline","cornaline","2026-09-01",126,430,"stone_description_too_short","story_text_wrongly_rendered"
"10685896753499","Boucles d'oreilles puces en obsidienne noire - 10 mm","boucles-d-oreilles-puces-en-obsidienne-noire-10-mm","https://milaura.fr/products/boucles-d-oreilles-puces-en-obsidienne-noire-10-mm","Obsidienne noire","obsidienne-noire","2026-09-01",115,412,"stone_description_too_short","story_text_wrongly_rendered"
"10684110340443","Accessoire porte-clés goutte en jade de Chine","accessoire-porte-cles-goutte-en-jade-de-chine","https://milaura.fr/products/accessoire-porte-cles-goutte-en-jade-de-chine","Jade de Chine","jade","2026-09-01",109,415,"stone_description_too_short","story_text_wrongly_rendered"
"10684105851227","Pendentif cœur en jade de Chine 15 mm","pendentif-coeur-en-jade-de-chine-15-mm","https://milaura.fr/products/pendentif-coeur-en-jade-de-chine-15-mm","Jade de Chine","jade","2026-09-01",120,517,"stone_description_too_short","story_text_wrongly_rendered"
"10684114436443","Bracelet Kahel argenté en onyx et œil de tigre","bracelet-kahel-argente-en-onyx-et-oeil-de-tigre","https://milaura.fr/products/bracelet-kahel-argente-en-onyx-et-oeil-de-tigre","Onyx et œil de tigre","onyx","2026-09-01",125,522,"stone_description_too_short","story_text_wrongly_rendered"
"10684101820763","Collier en œil de taureau 8 mm - 45 cm","collier-en-oeil-de-taureau-8-mm-45-cm","https://milaura.fr/products/collier-en-oeil-de-taureau-8-mm-45-cm","Œil de taureau","oeil-de-taureau","2026-09-01",109,506,"stone_description_too_short","story_text_wrongly_rendered"
"10684093301083","Bracelet baroque en jaspe rouge - 16 à 18 cm","bracelet-baroque-en-jaspe-rouge-16-a-18-cm","https://milaura.fr/products/bracelet-baroque-en-jaspe-rouge-16-a-18-cm","Jaspe rouge","jaspe-rouge","2026-09-01",129,474,"stone_description_too_short","story_text_wrongly_rendered"
"10684089336155","Pendule hexagonal en tourmaline noire","pendule-hexagonal-en-tourmaline-noire","https://milaura.fr/products/pendule-hexagonal-en-tourmaline-noire","Tourmaline noire","tourmaline","2026-09-01",117,829,"stone_description_too_short","story_text_wrongly_rendered"
"10684085109083","Pendule hexagonal en pierre de soleil","pendule-hexagonal-en-pierre-de-soleil","https://milaura.fr/products/pendule-hexagonal-en-pierre-de-soleil","Pierre de soleil","pierre-de-soleil","2026-09-01",112,828,"stone_description_too_short","story_text_wrongly_rendered"
"10684076949851","Bracelet baroque en aigue-marine du Brésil AA - 16 à 18 cm","bracelet-baroque-en-aigue-marine-du-bresil-aa-16-a-18-cm","https://milaura.fr/products/bracelet-baroque-en-aigue-marine-du-bresil-aa-16-a-18-cm","Aigue-marine du Brésil","aigue-marine","2026-09-01",119,495,"stone_description_too_short","story_text_wrongly_rendered"
"10684055978331","Boucles d'oreilles Auren dorées en agate indienne 4 mm","boucles-d-oreilles-auren-dorees-en-agate-indienne-4-mm","https://milaura.fr/products/boucles-d-oreilles-auren-dorees-en-agate-indienne-4-mm","Agate indienne","agate","2026-09-01",123,539,"stone_description_too_short","story_text_wrongly_rendered"
"10357637546331","Pendentif cœur en sodalite 15 mm","pendentif-sodalite","https://milaura.fr/products/pendentif-sodalite","Sodalite","sodalite","2026-08-28",138,423,"stone_description_too_short","story_text_wrongly_rendered"
"10680535482715","Pendule hexagonal en pierre de lune rose d'Inde","pendule-hexagonal-en-pierre-de-lune-rose-d-inde","https://milaura.fr/products/pendule-hexagonal-en-pierre-de-lune-rose-d-inde","Pierre de lune rose","pierre-de-lune","2026-08-31",98,425,"stone_description_too_short","story_text_wrongly_rendered"
"10680533909851","Pendule conique en quartz rose du Brésil","pendule-conique-en-quartz-rose-du-bresil","https://milaura.fr/products/pendule-conique-en-quartz-rose-du-bresil","Quartz rose du Brésil","quartz-rose","2026-08-31",114,462,"stone_description_too_short","story_text_wrongly_rendered"
"10680532074843","Collier en jaspe rouge 6 mm, 45 cm","collier-en-jaspe-rouge-6-mm-45-cm","https://milaura.fr/products/collier-en-jaspe-rouge-6-mm-45-cm","Jaspe rouge","jaspe-rouge","2026-08-31",122,412,"stone_description_too_short","story_text_wrongly_rendered"
"10680530403675","Chapelet en améthyste 6 mm","chapelet-en-amethyste-6-mm","https://milaura.fr/products/chapelet-en-amethyste-6-mm","Améthyste","amethyste","2026-08-31",113,464,"stone_description_too_short","story_text_wrongly_rendered"
"10680528634203","Bracelet Légende en œil de tigre et onyx","bracelet-legende-en-oeil-de-tigre-et-onyx","https://milaura.fr/products/bracelet-legende-en-oeil-de-tigre-et-onyx","Œil de tigre et onyx","oeil-de-tigre","2026-08-31",82,400,"stone_description_too_short","story_text_wrongly_rendered"
"10680526471515","Bracelet Légende en labradorite, œil de tigre et hématite","bracelet-legende-en-labradorite-oeil-de-tigre-et-hematite","https://milaura.fr/products/bracelet-legende-en-labradorite-oeil-de-tigre-et-hematite","Labradorite, œil de tigre et hématite","labradorite","2026-08-31",83,457,"stone_description_too_short","story_text_wrongly_rendered"
"10680526242139","Bracelet Kahel en onyx et œil de taureau","bracelet-kahel-en-onyx-et-oeil-de-taureau","https://milaura.fr/products/bracelet-kahel-en-onyx-et-oeil-de-taureau","Onyx et œil de taureau","onyx","2026-08-31",96,437,"stone_description_too_short","story_text_wrongly_rendered"
"10680526012763","Bracelet Kahel en onyx et hématite","bracelet-kahel-en-onyx-et-hematite","https://milaura.fr/products/bracelet-kahel-en-onyx-et-hematite","Onyx et hématite","onyx","2026-08-31",102,442,"stone_description_too_short","story_text_wrongly_rendered"
"10680525717851","Bracelet Célyos en œil de tigre et onyx","bracelet-celyos-en-oeil-de-tigre-et-onyx","https://milaura.fr/products/bracelet-celyos-en-oeil-de-tigre-et-onyx","Œil de tigre et onyx","oeil-de-tigre","2026-08-31",121,440,"stone_description_too_short","story_text_wrongly_rendered"
"10680525357403","Bague en argent 925 et aigue-marine du Brésil","bague-en-argent-925-et-aigue-marine-du-bresil","https://milaura.fr/products/bague-en-argent-925-et-aigue-marine-du-bresil","Aigue-marine du Brésil","aigue-marine","2026-08-31",109,423,"stone_description_too_short","story_text_wrongly_rendered"
"10357452669275","Bracelet en dumortiérite 6 mm","bracelet-en-dumortierite-6-mm","https://milaura.fr/products/bracelet-en-dumortierite-6-mm","Dumortiérite","dumortierite","2026-08-30",125,503,"stone_description_too_short","story_text_wrongly_rendered"
"10675369967963","Collier en apatite bleue 4 mm - 45 cm","collier-en-apatite-bleue-4-mm-45-cm","https://milaura.fr/products/collier-en-apatite-bleue-4-mm-45-cm","Apatite bleue","apatite-bleue","2026-08-30",136,523,"stone_description_too_short","story_text_wrongly_rendered"
"10675369541979","Collier en améthyste du Brésil 4 mm - 45 cm","collier-en-amethyste-du-bresil-4-mm-45-cm","https://milaura.fr/products/collier-en-amethyste-du-bresil-4-mm-45-cm","Améthyste","amethyste","2026-08-30",119,514,"stone_description_too_short","story_text_wrongly_rendered"
"10675369115995","Bracelet en pierre de soleil noire orangée 10 mm - 16 à 18 cm","bracelet-en-pierre-de-soleil-noire-orangee-10-mm-16-a-18-cm","https://milaura.fr/products/bracelet-en-pierre-de-soleil-noire-orangee-10-mm-16-a-18-cm","Pierre de soleil noire orangée","pierre-de-soleil","2026-08-30",108,499,"stone_description_too_short","story_text_wrongly_rendered"
"10675368722779","Bracelet en pierre de lune multicolore 10 mm - 16 à 18 cm","bracelet-en-pierre-de-lune-multicolore-10-mm-16-a-18-cm","https://milaura.fr/products/bracelet-en-pierre-de-lune-multicolore-10-mm-16-a-18-cm","Pierre de lune multicolore","pierre-de-lune","2026-08-30",102,493,"stone_description_too_short","story_text_wrongly_rendered"
"10675368296795","Bracelet en cornaline 8 mm - 16 à 18 cm","bracelet-en-cornaline-8-mm-16-a-18-cm","https://milaura.fr/products/bracelet-en-cornaline-8-mm-16-a-18-cm","Cornaline","cornaline","2026-08-30",105,469,"stone_description_too_short","story_text_wrongly_rendered"
"10675367870811","Bracelet en chrysocolle du Congo 8 mm - 16 à 18 cm","bracelet-en-chrysocolle-du-congo-8-mm-16-a-18-cm","https://milaura.fr/products/bracelet-en-chrysocolle-du-congo-8-mm-16-a-18-cm","Chrysocolle du Congo","chrysocolle","2026-08-30",104,480,"stone_description_too_short","story_text_wrongly_rendered"
"10675367444827","Bracelet en angélite 8 mm - 16 à 18 cm","bracelet-en-angelite-8-mm-16-a-18-cm","https://milaura.fr/products/bracelet-en-angelite-8-mm-16-a-18-cm","Angélite","angelite","2026-08-30",87,449,"stone_description_too_short","story_text_wrongly_rendered"
"10670434713947","Bracelet baroque en obsidienne mixte - 16 à 18 cm","bracelet-baroque-en-obsidienne-mixte-16-a-18-cm","https://milaura.fr/products/bracelet-baroque-en-obsidienne-mixte-16-a-18-cm","Obsidienne mixte","obsidienne","2026-08-30",120,479,"stone_description_too_short","story_text_wrongly_rendered"
"10675367084379","Bracelet en jaspe héliotrope du Brésil 6 mm - 16 à 18 cm","bracelet-en-jaspe-heliotrope-du-bresil-6-mm-16-a-18-cm","https://milaura.fr/products/bracelet-en-jaspe-heliotrope-du-bresil-6-mm-16-a-18-cm","Jaspe héliotrope","jaspe-heliotrope","2026-08-30",114,474,"stone_description_too_short","story_text_wrongly_rendered"
"10675366592859","Bracelet en corail fossile 6 mm - 16 à 18 cm","bracelet-en-corail-fossile-6-mm-16-a-18-cm","https://milaura.fr/products/bracelet-en-corail-fossile-6-mm-16-a-18-cm","Corail fossile","corail-fossile","2026-08-30",106,475,"stone_description_too_short","story_text_wrongly_rendered"
"10675366166875","Bracelet en tourmaline multicolore 4 mm - 16 à 18 cm","bracelet-en-tourmaline-multicolore-4-mm-16-a-18-cm","https://milaura.fr/products/bracelet-en-tourmaline-multicolore-4-mm-16-a-18-cm","Tourmaline multicolore","tourmaline","2026-08-30",107,501,"stone_description_too_short","story_text_wrongly_rendered"
"10670436057435","Bracelet en lapis-lazuli 4 mm - 16 à 18 cm","bracelet-en-lapis-lazuli-4-mm-16-a-18-cm","https://milaura.fr/products/bracelet-en-lapis-lazuli-4-mm-16-a-18-cm","Lapis-lazuli","lapis-lazuli","2026-08-30",116,497,"stone_description_too_short","story_text_wrongly_rendered"
"10670434451803","Bracelet Mira doré en améthyste et cristal de roche - 16 à 22 cm","bracelet-mira-dore-en-amethyste-et-cristal-de-roche-16-a-22-cm","https://milaura.fr/products/bracelet-mira-dore-en-amethyste-et-cristal-de-roche-16-a-22-cm","Améthyste et cristal de roche","amethyste","2026-08-30",123,538,"stone_description_too_short","story_text_wrongly_rendered"
"10670434353499","Bracelet Kahel argenté en onyx et pierre de lave 8 mm","bracelet-kahel-argente-en-onyx-et-pierre-de-lave-8-mm","https://milaura.fr/products/bracelet-kahel-argente-en-onyx-et-pierre-de-lave-8-mm","Onyx et pierre de lave","onyx","2026-08-30",99,509,"stone_description_too_short","story_text_wrongly_rendered"
"10670433993051","Boucles d'oreilles Ornel dorées en hématite et lapis-lazuli - 35 mm","boucles-d-oreilles-ornel-dorees-en-hematite-et-lapis-lazuli-35-mm","https://milaura.fr/products/boucles-d-oreilles-ornel-dorees-en-hematite-et-lapis-lazuli-35-mm","Lapis-lazuli et hématite","lapis-lazuli","2026-08-30",113,538,"stone_description_too_short","story_text_wrongly_rendered"
"10357490385243","Collier en jade de Chine 6 mm - 45 cm","collier-en-jade-de-chine-6-mm-45-cm","https://milaura.fr/products/collier-en-jade-de-chine-6-mm-45-cm","Jade de Chine","jade","2026-08-30",114,505,"stone_description_too_short","story_text_wrongly_rendered"
"10670434189659","Bracelet Aska noir en lapis-lazuli et onyx","bracelet-aska-noir-en-lapis-lazuli-et-onyx","https://milaura.fr/products/bracelet-aska-noir-en-lapis-lazuli-et-onyx","Lapis-lazuli et onyx","lapis-lazuli","2026-08-30",105,532,"stone_description_too_short","story_text_wrongly_rendered"
"10669971964251","Bracelet en aventurine verte 4 mm - 16 à 18 cm","bracelet-en-aventurine-verte-4-mm-16-a-18-cm","https://milaura.fr/products/bracelet-en-aventurine-verte-4-mm-16-a-18-cm","Aventurine verte","aventurine-verte","2026-08-30",122,480,"stone_description_too_short","story_text_wrongly_rendered"
"10669962461531","Bracelet en rhodonite d'Australie 6 mm - 16 à 18 cm","bracelet-en-rhodonite-d-australie-6-mm-16-a-18-cm","https://milaura.fr/products/bracelet-en-rhodonite-d-australie-6-mm-16-a-18-cm","Rhodonite d'Australie","rhodonite","2026-08-30",133,472,"stone_description_too_short","story_text_wrongly_rendered"
"10670433698139","Collier en aventurine verte 6 mm - 45 cm","collier-en-aventurine-verte-6-mm-45-cm","https://milaura.fr/products/collier-en-aventurine-verte-6-mm-45-cm","Aventurine verte","aventurine-verte","2026-08-30",115,494,"stone_description_too_short","story_text_wrongly_rendered"
"10669964394843","Bracelet en lépidolite 8 mm - 16 à 18 cm","bracelet-en-lepidolite-8-mm-16-a-18-cm","https://milaura.fr/products/bracelet-en-lepidolite-8-mm-16-a-18-cm","Lépidolite","lepidolite","2026-08-30",116,470,"stone_description_too_short","story_text_wrongly_rendered"
"10669955973467","Collier Nuage argenté en aigue-marine 4 mm - 40 à 45 cm","collier-nuage-argente-en-aigue-marine-4-mm-40-a-45-cm","https://milaura.fr/products/collier-nuage-argente-en-aigue-marine-4-mm-40-a-45-cm","Aigue-marine","aigue-marine","2026-08-30",115,525,"stone_description_too_short","story_text_wrongly_rendered"
"10669950107995","Bracelet en turquoise d'Afrique 6 mm - 16 à 18 cm","bracelet-en-turquoise-d-afrique-6-mm-16-a-18-cm","https://milaura.fr/products/bracelet-en-turquoise-d-afrique-6-mm-16-a-18-cm","Turquoise d'Afrique","turquoise","2026-08-30",117,474,"stone_description_too_short","story_text_wrongly_rendered"
"10669861110107","Bracelet Aska noir en oeil de taureau et onyx 6 mm","bracelet-aska-noir-en-oeil-de-taureau-et-onyx-6-mm","https://milaura.fr/products/bracelet-aska-noir-en-oeil-de-taureau-et-onyx-6-mm","Oeil de taureau et onyx","oeil-de-taureau","2026-08-30",117,495,"stone_description_too_short","story_text_wrongly_rendered"
"10669860487515","Bracelet Aska noir en labradorite et onyx 6 mm","bracelet-aska-noir-en-labradorite-et-onyx-6-mm","https://milaura.fr/products/bracelet-aska-noir-en-labradorite-et-onyx-6-mm","Labradorite et onyx","labradorite","2026-08-30",131,494,"stone_description_too_short","story_text_wrongly_rendered"
"10669859209563","Bracelet en bois de palo santo 10 mm","bracelet-en-bois-de-palo-santo-10-mm","https://milaura.fr/products/bracelet-en-bois-de-palo-santo-10-mm","Palo santo","","2026-08-30",113,468,"stone_description_too_short","story_text_wrongly_rendered"
"10669861470555","Bracelet Aska noir en oeil de tigre et onyx 6 mm","bracelet-aska-noir-en-oeil-de-tigre-et-onyx-6-mm","https://milaura.fr/products/bracelet-aska-noir-en-oeil-de-tigre-et-onyx-6-mm","Oeil de tigre et onyx","oeil-de-tigre","2026-08-30",104,492,"stone_description_too_short","story_text_wrongly_rendered"
"10669856293211","Bracelet en agate fleur de cerisier 10 mm","bracelet-en-agate-fleur-de-cerisier-10-mm","https://milaura.fr/products/bracelet-en-agate-fleur-de-cerisier-10-mm","Agate fleur de cerisier","agate","2026-08-30",108,467,"stone_description_too_short","story_text_wrongly_rendered"
"10669855277403","Bracelet en oeil de tigre 8 mm - 16 à 18 cm","bracelet-en-oeil-de-tigre-8-mm-16-a-18-cm","https://milaura.fr/products/bracelet-en-oeil-de-tigre-8-mm-16-a-18-cm","Oeil de tigre","oeil-de-tigre","2026-08-30",109,474,"stone_description_too_short","story_text_wrongly_rendered"
"10669857702235","Bracelet en fluorine multicolore 10 mm","bracelet-en-fluorine-multicolore-10-mm","https://milaura.fr/products/bracelet-en-fluorine-multicolore-10-mm","Fluorine multicolore","fluorine","2026-08-30",114,502,"stone_description_too_short","story_text_wrongly_rendered"
"10669791347035","Bracelet Eira doré en lapis-lazuli 6 mm","bracelet-eira-dore-en-lapis-lazuli-6-mm","https://milaura.fr/products/bracelet-eira-dore-en-lapis-lazuli-6-mm","Lapis-lazuli","lapis-lazuli","2026-08-30",116,369,"stone_description_too_short","story_text_wrongly_rendered"
"10669857243483","Bracelet en améthyste du Brésil 10 mm","bracelet-en-amethyste-du-bresil-10-mm","https://milaura.fr/products/bracelet-en-amethyste-du-bresil-10-mm","Améthyste","amethyste","2026-08-30",110,470,"stone_description_too_short","story_text_wrongly_rendered"
"10669854392667","Bracelet en apatite bleue 6 mm - 14 à 16 cm","bracelet-en-apatite-bleue-6-mm-14-a-16-cm","https://milaura.fr/products/bracelet-en-apatite-bleue-6-mm-14-a-16-cm","Apatite bleue","apatite-bleue","2026-08-30",123,460,"stone_description_too_short","story_text_wrongly_rendered"
"10678649454939","Plaque Arbre de Vie en bois de tilleul - 10 cm","plaque-arbre-de-vie-en-bois-de-tilleul-10-cm","https://milaura.fr/products/plaque-arbre-de-vie-en-bois-de-tilleul-10-cm","Bois de tilleul","","2026-08-30",0,431,"missing_stone_description","story_text_wrongly_rendered"
"10678649848155","Rouleau de massage visage en jade de Chine à deux têtes","rouleau-de-massage-visage-en-jade-de-chine-a-deux-tetes","https://milaura.fr/products/rouleau-de-massage-visage-en-jade-de-chine-a-deux-tetes","Jade de Chine","jade","2026-08-30",102,465,"stone_description_too_short","story_text_wrongly_rendered"
"10678647521627","Collier en œil de tigre 6 mm - 45 cm","collier-en-oeil-de-tigre-6-mm-45-cm","https://milaura.fr/products/collier-en-oeil-de-tigre-6-mm-45-cm","Œil de tigre","oeil-de-tigre","2026-08-30",103,500,"stone_description_too_short","story_text_wrongly_rendered"
"10678648308059","Collier en rhodonite de Madagascar 6 mm - 45 cm","collier-en-rhodonite-de-madagascar-6-mm-45-cm","https://milaura.fr/products/collier-en-rhodonite-de-madagascar-6-mm-45-cm","Rhodonite de Madagascar","rhodonite","2026-08-30",109,500,"stone_description_too_short","story_text_wrongly_rendered"
"10678646866267","Collier en œil de taureau 6 mm - 45 cm","collier-en-oeil-de-taureau-6-mm-45-cm","https://milaura.fr/products/collier-en-oeil-de-taureau-6-mm-45-cm","Œil de taureau","oeil-de-taureau","2026-08-30",97,506,"stone_description_too_short","story_text_wrongly_rendered"
"10678645522779","Collier en lapis-lazuli d'Afghanistan 4 mm - 45 cm","collier-en-lapis-lazuli-d-afghanistan-4-mm-45-cm","https://milaura.fr/products/collier-en-lapis-lazuli-d-afghanistan-4-mm-45-cm","Lapis-lazuli d'Afghanistan","lapis-lazuli","2026-08-30",121,521,"stone_description_too_short","story_text_wrongly_rendered"
"10678646309211","Collier en hématite 6 mm - 45 cm","collier-en-hematite-6-mm-45-cm","https://milaura.fr/products/collier-en-hematite-6-mm-45-cm","Hématite","hematite","2026-08-30",95,504,"stone_description_too_short","story_text_wrongly_rendered"
"10678645883227","Collier en howlite blanche 6 mm - 45 cm","collier-en-howlite-blanche-6-mm-45-cm","https://milaura.fr/products/collier-en-howlite-blanche-6-mm-45-cm","Howlite blanche","howlite","2026-08-30",103,500,"stone_description_too_short","story_text_wrongly_rendered"
"10678648996187","Orgonite pyramide Cercle magique en améthyste - 60 mm","orgonite-pyramide-cercle-magique-en-amethyste-60-mm","https://milaura.fr/products/orgonite-pyramide-cercle-magique-en-amethyste-60-mm","Améthyste","amethyste","2026-08-29",157,802,"stone_description_too_short","story_text_wrongly_rendered"
"10678648701275","Orgonite pyramide Arbre de Vie en améthyste - 60 mm","orgonite-pyramide-arbre-de-vie-en-amethyste-60-mm","https://milaura.fr/products/orgonite-pyramide-arbre-de-vie-en-amethyste-60-mm","Améthyste","amethyste","2026-08-29",157,786,"stone_description_too_short","story_text_wrongly_rendered"
"10357429371227","Boucles d'oreilles puces en quartz rose 6 mm","boucles-d-oreilles-puces-en-quartz-rose-6-mm","https://milaura.fr/products/boucles-d-oreilles-puces-en-quartz-rose-6-mm","Quartz rose","quartz-rose","2026-08-29",101,492,"stone_description_too_short","story_text_wrongly_rendered"
"10669860192603","Bague ouverte en argent 925 et aigue-marine 7 mm","bague-ouverte-en-argent-925-et-aigue-marine-7-mm","https://milaura.fr/products/bague-ouverte-en-argent-925-et-aigue-marine-7-mm","Aigue-marine","aigue-marine","2026-08-25",119,508,"stone_description_too_short","story_text_wrongly_rendered"
"10357705867611","Distributeur de savon en aventurine verte brute - 100 à 150 mm","distributeur-de-savon-en-aventurine-verte-brute-100-a-150-mm","https://milaura.fr/products/distributeur-de-savon-en-aventurine-verte-brute-100-a-150-mm","Aventurine verte","aventurine-verte","2026-08-28",109,790,"stone_description_too_short","story_text_wrongly_rendered"
"10557518381403","Bracelet Halo doré en aventurine verte 4 mm","bracelet-halo-dore-en-aventurine-verte-4-mm","https://milaura.fr/products/bracelet-halo-dore-en-aventurine-verte-4-mm","Aventurine verte","aventurine-verte","2026-08-28",85,368,"stone_description_too_short","story_text_wrongly_rendered"
"10637459095899","Bracelet doré en aigue-marine naturelle - 16 à 21 cm","bracelet-dore-en-aigue-marine-naturelle-16-a-21-cm","https://milaura.fr/products/bracelet-dore-en-aigue-marine-naturelle-16-a-21-cm","Aigue-marine","aigue-marine","2026-08-28",186,1037,"stone_description_too_short","story_text_wrongly_rendered"
"10637054738779","Bague ouverte dorée en aigue-marine naturelle - Taille 54","bague-ouverte-doree-en-aigue-marine-naturelle-taille-54","https://milaura.fr/products/bague-ouverte-doree-en-aigue-marine-naturelle-taille-54","Aigue-marine","aigue-marine","2026-08-28",217,731,"stone_description_too_short","story_text_wrongly_rendered"
"10359677747547","Pendule 7 chakras hexagonal avec améthyste","pendule-7-chakras-hexagonal-avec-amethyste","https://milaura.fr/products/pendule-7-chakras-hexagonal-avec-amethyste","Améthyste et association 7 chakras","amethyste","2026-08-28",117,901,"stone_description_too_short","story_text_wrongly_rendered"
"10358876209499","Pendule hexagonal en améthyste du Brésil","pendule-hexagonal-en-amethyste-du-bresil","https://milaura.fr/products/pendule-hexagonal-en-amethyste-du-bresil","Améthyste","amethyste","2026-08-28",123,894,"stone_description_too_short","story_text_wrongly_rendered"
"10358581166427","Pendule égyptien en quartz rose du Brésil","pendule-egyptien-en-quartz-rose-du-bresil","https://milaura.fr/products/pendule-egyptien-en-quartz-rose-du-bresil","Quartz rose","quartz-rose","2026-08-28",111,886,"stone_description_too_short","story_text_wrongly_rendered"
"10357432353115","Boucles d'oreilles puces en quartz rose 10 mm","boucles-d-oreilles-puces-en-quartz-rose-10-mm","https://milaura.fr/products/boucles-d-oreilles-puces-en-quartz-rose-10-mm","Quartz rose","quartz-rose","2026-08-28",111,475,"stone_description_too_short","story_text_wrongly_rendered"
"10357431796059","Boucles d'oreilles puces en quartz rose 8 mm","boucles-d-oreilles-puces-en-quartz-rose-8-mm","https://milaura.fr/products/boucles-d-oreilles-puces-en-quartz-rose-8-mm","Quartz rose","quartz-rose","2026-08-28",111,474,"stone_description_too_short","story_text_wrongly_rendered"
"10357430649179","Boucles d'oreilles puces en cornaline 8 mm","boucles-d-oreilles-puces-en-cornaline-8-mm","https://milaura.fr/products/boucles-d-oreilles-puces-en-cornaline-8-mm","Cornaline","cornaline","2026-08-28",107,467,"stone_description_too_short","story_text_wrongly_rendered"
"10669957775707","Galet anti-stress en aventurine verte – 45 à 50 mm","pierre-roulee-en-aventurine-verte-galet-45-a-50-mm","https://milaura.fr/products/pierre-roulee-en-aventurine-verte-galet-45-a-50-mm","Aventurine verte","aventurine-verte","2026-08-25",119,767,"stone_description_too_short","story_text_wrongly_rendered"
"10669418283355","Chapelet en obsidienne noire - Perles de 6 mm","chapelet-en-obsidienne-noire-perles-de-6-mm","https://milaura.fr/products/chapelet-en-obsidienne-noire-perles-de-6-mm","Obsidienne noire","obsidienne-noire","2026-08-25",140,492,"stone_description_too_short","story_text_wrongly_rendered"
"10669625344347","Bracelet Halo doré en sodalite 4 mm","bracelet-halo-dore-en-sodalite-4-mm","https://milaura.fr/products/bracelet-halo-dore-en-sodalite-4-mm","Sodalite","sodalite","2026-08-25",94,640,"stone_description_too_short","story_text_wrongly_rendered"
"10669293568347","Boucles d'oreilles dorées en sodalite - 36 mm","boucles-d-oreilles-dorees-en-sodalite-36-mm","https://milaura.fr/products/boucles-d-oreilles-dorees-en-sodalite-36-mm","Sodalite","sodalite","2026-08-25",117,506,"stone_description_too_short","story_text_wrongly_rendered"
"10669294158171","Bracelet doré en sodalite et pierres bleues","bracelet-dore-en-sodalite-et-pierres-bleues","https://milaura.fr/products/bracelet-dore-en-sodalite-et-pierres-bleues","Sodalite","sodalite","2026-08-25",133,510,"stone_description_too_short","story_text_wrongly_rendered"
"10669295272283","Collier doré en sodalite facettée - 38 à 43 cm","collier-dore-en-sodalite-facettee-38-a-43-cm","https://milaura.fr/products/collier-dore-en-sodalite-facettee-38-a-43-cm","Sodalite","sodalite","2026-08-25",157,533,"stone_description_too_short","story_text_wrongly_rendered"
"10669625147739","Bracelet Cléa doré en sodalite 8 mm","bracelet-clea-dore-en-sodalite-8-mm","https://milaura.fr/products/bracelet-clea-dore-en-sodalite-8-mm","Sodalite","sodalite","2026-08-25",105,368,"stone_description_too_short","story_text_wrongly_rendered"
"10669623476571","Boucles d'oreilles Loa argentées en sodalite 25 mm","boucles-d-oreilles-loa-argentees-en-sodalite-25-mm","https://milaura.fr/products/boucles-d-oreilles-loa-argentees-en-sodalite-25-mm","Sodalite","sodalite","2026-08-25",112,372,"stone_description_too_short","story_text_wrongly_rendered"
"10669293076827","Bague dorée en sodalite - Taille 54","bague-doree-en-sodalite-taille-54","https://milaura.fr/products/bague-doree-en-sodalite-taille-54","Sodalite","sodalite","2026-08-25",130,484,"stone_description_too_short","story_text_wrongly_rendered"
"10669294682459","Bracelet doré en améthyste - 16 à 21 cm","bracelet-dore-en-amethyste-16-a-21-cm","https://milaura.fr/products/bracelet-dore-en-amethyste-16-a-21-cm","Améthyste","amethyste","2026-08-25",143,505,"stone_description_too_short","story_text_wrongly_rendered"
"10669626720603","Bracelet Mira doré en cristal de roche 4 mm","bracelet-mira-dore-en-cristal-de-roche-4-mm","https://milaura.fr/products/bracelet-mira-dore-en-cristal-de-roche-4-mm","Cristal de roche","cristal-de-roche","2026-08-25",96,664,"stone_description_too_short","story_text_wrongly_rendered"
"10669416186203","Coffret roller visage en jade néphrite","coffret-roller-visage-en-jade-nephrite","https://milaura.fr/products/coffret-roller-visage-en-jade-nephrite","Jade néphrite","jade","2026-08-25",145,493,"stone_description_too_short","story_text_wrongly_rendered"
"10669417595227","Bracelet en cyanite bleue - Perles de 6 mm","bracelet-en-cyanite-bleue-perles-de-6-mm","https://milaura.fr/products/bracelet-en-cyanite-bleue-perles-de-6-mm","Cyanite bleue","cyanite-bleue","2026-08-25",138,441,"stone_description_too_short","story_text_wrongly_rendered"
"10669623968091","Bracelet Calysta doré en quartz rose et cristal de roche","bracelet-calysta-dore-en-quartz-rose-et-cristal-de-roche","https://milaura.fr/products/bracelet-calysta-dore-en-quartz-rose-et-cristal-de-roche","Quartz rose","quartz-rose","2026-08-25",129,394,"stone_description_too_short","story_text_wrongly_rendered"
"10669774831963","Bracelet Murmure doré en améthyste 4 mm","bracelet-murmure-dore-en-amethyste-4-mm","https://milaura.fr/products/bracelet-murmure-dore-en-amethyste-4-mm","Améthyste","amethyste","2026-08-25",105,599,"stone_description_too_short","story_text_wrongly_rendered"
"10669627375963","Bracelet Mira doré en quartz rose et cristal de roche","bracelet-mira-dore-en-quartz-rose-et-cristal-de-roche","https://milaura.fr/products/bracelet-mira-dore-en-quartz-rose-et-cristal-de-roche","Quartz rose","quartz-rose","2026-08-25",96,635,"stone_description_too_short","story_text_wrongly_rendered"
"10669778305371","Bracelet Rosalia doré en quartz rose et rhodonite 3 mm","bracelet-rosalia-dore-en-quartz-rose-et-rhodonite-3-mm","https://milaura.fr/products/bracelet-rosalia-dore-en-quartz-rose-et-rhodonite-3-mm","Quartz rose","quartz-rose","2026-08-25",115,622,"stone_description_too_short","story_text_wrongly_rendered"
"10669780074843","Boucles d'oreilles Loa argentées en aventurine verte 25 mm","boucles-d-oreilles-loa-argentees-en-aventurine-verte-25-mm","https://milaura.fr/products/boucles-d-oreilles-loa-argentees-en-aventurine-verte-25-mm","Aventurine verte","aventurine-verte","2026-08-25",98,363,"stone_description_too_short","story_text_wrongly_rendered"
"10669781680475","Bracelet Alba doré en jaspe paysage et oeil de tigre","bracelet-alba-dore-en-jaspe-paysage-et-oeil-de-tigre","https://milaura.fr/products/bracelet-alba-dore-en-jaspe-paysage-et-oeil-de-tigre","Jaspe paysage","jaspe","2026-08-25",103,395,"stone_description_too_short","story_text_wrongly_rendered"
"10669785317723","Bracelet Eira doré en améthyste 6 mm","bracelet-eira-dore-en-amethyste-6-mm","https://milaura.fr/products/bracelet-eira-dore-en-amethyste-6-mm","Améthyste","amethyste","2026-08-25",106,368,"stone_description_too_short","story_text_wrongly_rendered"
"10669787185499","Bracelet Eira doré en aventurine verte 6 mm","bracelet-eira-dore-en-aventurine-verte-6-mm","https://milaura.fr/products/bracelet-eira-dore-en-aventurine-verte-6-mm","Aventurine verte","aventurine-verte","2026-08-25",113,364,"stone_description_too_short","story_text_wrongly_rendered"
"10669789249883","Bracelet Eira doré en howlite blanche 6 mm","bracelet-eira-dore-en-howlite-blanche-6-mm","https://milaura.fr/products/bracelet-eira-dore-en-howlite-blanche-6-mm","Howlite blanche","howlite","2026-08-25",96,608,"stone_description_too_short","story_text_wrongly_rendered"
"10669793509723","Bracelet en améthyste rubanée 6 mm","bracelet-en-amethyste-rubanee-6-mm","https://milaura.fr/products/bracelet-en-amethyste-rubanee-6-mm","Améthyste rubanée","amethyste","2026-08-25",104,401,"stone_description_too_short","story_text_wrongly_rendered"
"10669966754139","Plaque de rechargement zodiaque en sélénite - 100 mm","plaque-de-rechargement-zodiaque-en-selenite-100-mm","https://milaura.fr/products/plaque-de-rechargement-zodiaque-en-selenite-100-mm","Sélénite","selenite","2026-08-25",115,786,"stone_description_too_short","story_text_wrongly_rendered"
"10669969277275","Arbre minéral en améthyste du Brésil - 150 à 200 mm","arbre-mineral-en-amethyste-du-bresil-150-a-200-mm","https://milaura.fr/products/arbre-mineral-en-amethyste-du-bresil-150-a-200-mm","Améthyste","amethyste","2026-08-25",129,778,"stone_description_too_short","story_text_wrongly_rendered"
"10670433829211","Distributeur de savon en aventurine bleue brute - 100 à 150 mm","distributeur-de-savon-en-aventurine-bleue-brute-100-a-150-mm","https://milaura.fr/products/distributeur-de-savon-en-aventurine-bleue-brute-100-a-150-mm","Aventurine bleue","aventurine-bleue","2026-08-25",113,790,"stone_description_too_short","story_text_wrongly_rendered"
