handle,title,url,public_visible_products,shopify_reported_products_all_statuses,empty_public,public_product_handles
amour-relations,Amour et relations,https://milaura.fr/collections/amour-relations,20,22,NO,accessoire-flacon-roll-on-en-quartz-rose|accessoire-mineral-grenouille-en-quartz-rose-50-mm|accessoire-porte-cles-goutte-en-quartz-rose|boucles-d-oreilles-puces-en-quartz-rose-10-mm|boucles-d-oreilles-puces-en-quartz-rose-6-mm|boucles-d-oreilles-puces-en-quartz-rose-8-mm|bougie-elegance-ambre-quartz|bracelet-baroque-en-quartz-rose-de-madagascar-16-a-18-cm|bracelet-calysta-dore-en-quartz-rose-et-cristal-de-roche|bracelet-dore-en-quartz-rose-8-mm|bracelet-en-quartz-rose-12-mm-16-a-18-cm|bracelet-en-quartz-rose-du-bresil-6-mm-16-a-18-cm|bracelet-mira-dore-en-quartz-rose-et-cristal-de-roche|bracelet-rosalia-dore-en-quartz-rose-et-rhodonite-3-mm|collier-en-quartz-rose-4-mm-45-cm|collier-quartz-rose-boho-dore|distributeur-de-savon-en-quartz-rose-100-a-150-mm|pendule-conique-en-quartz-rose-du-bresil|pendule-egyptien-en-quartz-rose-du-bresil|savon-quartz-rose
bagues-pierres,Bagues en pierres naturelles,https://milaura.fr/collections/bagues-pierres,4,9,NO,bague-doree-en-sodalite-taille-54|bague-en-argent-925-et-aigue-marine-du-bresil|bague-ouverte-doree-en-aigue-marine-naturelle-taille-54|bague-ouverte-en-argent-925-et-aigue-marine-7-mm
bestsellers,Bestsellers,https://milaura.fr/collections/bestsellers,7,61,NO,bougie-elegance-ambre-quartz|bougie-joie-fleur-oranger-aventurine|bougie-protection-oud-obsidienne|bougie-reconfort-neroli-calcedoine|bracelet-en-aigue-marine-4-5-a-5-5-mm-16-a-18-cm|collier-nuage-argente-en-aigue-marine-4-mm-40-a-45-cm|distributeur-savon-lapis-lazuli
bijoux-pierres-naturelles,Bijoux & Pierres Naturelles,https://milaura.fr/collections/bijoux-pierres-naturelles,170,513,NO,bague-doree-en-sodalite-taille-54|bague-en-argent-925-et-aigue-marine-du-bresil|bague-ouverte-doree-en-aigue-marine-naturelle-taille-54|bague-ouverte-en-argent-925-et-aigue-marine-7-mm|boucles-d-oreilles-auren-dorees-en-agate-indienne-4-mm|boucles-d-oreilles-dorees-en-aigue-marine-naturelle-36-mm|boucles-d-oreilles-dorees-en-sodalite-36-mm|boucles-d-oreilles-loa-argentees-en-aventurine-verte-25-mm|boucles-d-oreilles-loa-argentees-en-sodalite-25-mm|boucles-d-oreilles-ornel-dorees-en-hematite-et-lapis-lazuli-35-mm|boucles-d-oreilles-pendantes-en-grenat-rouge-12-mm|boucles-d-oreilles-puces-en-amethyste-8-mm|boucles-d-oreilles-puces-en-cornaline-10-mm|boucles-d-oreilles-puces-en-cornaline-8-mm|boucles-d-oreilles-puces-en-grenat-rouge-8-mm|boucles-d-oreilles-puces-en-obsidienne-noire-10-mm|boucles-d-oreilles-puces-en-quartz-rose-10-mm|boucles-d-oreilles-puces-en-quartz-rose-6-mm|boucles-d-oreilles-puces-en-quartz-rose-8-mm|bracelet-alba-dore-en-jaspe-paysage-et-oeil-de-tigre|bracelet-argente-en-labradorite-6-mm|bracelet-argente-en-labradorite-8-mm|bracelet-aska-noir-en-labradorite-et-onyx-6-mm|bracelet-aska-noir-en-lapis-lazuli-et-onyx|bracelet-aska-noir-en-oeil-de-taureau-et-onyx-6-mm|bracelet-aska-noir-en-oeil-de-tigre-et-onyx-6-mm|bracelet-aventurine-rouge-1|bracelet-baroque-7-chakras-avec-amethyste|bracelet-baroque-en-aigue-marine-du-bresil-aa-16-a-18-cm|bracelet-baroque-en-ambre-jaune-16-a-18-cm|bracelet-baroque-en-amethyste-du-bresil-16-a-18-cm|bracelet-baroque-en-apatite-bleue-16-a-18-cm|bracelet-baroque-en-aventurine-verte-16-a-18-cm|bracelet-baroque-en-citrine-chauffee-16-a-18-cm|bracelet-baroque-en-fluorine-multicolore-16-a-18-cm|bracelet-baroque-en-hematite-16-a-18-cm|bracelet-baroque-en-jaspe-rouge-16-a-18-cm|bracelet-baroque-en-obsidienne-mixte-16-a-18-cm|bracelet-baroque-en-quartz-rose-de-madagascar-16-a-18-cm|bracelet-calysta-dore-en-quartz-rose-et-cristal-de-roche|bracelet-celyos-argente-lapis-lazuli-onyx-a|bracelet-celyos-en-oeil-de-tigre-et-onyx|bracelet-clea-dore-en-sodalite-8-mm|bracelet-dore-a-fleurs-de-nacre|bracelet-dore-en-aigue-marine-naturelle-16-a-21-cm|bracelet-dore-en-amethyste-16-a-21-cm|bracelet-dore-en-amethyste-cornaline-et-cristal-de-roche|bracelet-dore-en-aventurine-verte-6-mm|bracelet-dore-en-aventurine-verte-8-mm|bracelet-dore-en-cornaline-6-mm|bracelet-dore-en-cornaline-facettee|bracelet-dore-en-grenat-rhodolite-3-mm|bracelet-dore-en-howlite-blanche-6-mm|bracelet-dore-en-howlite-et-pierre-de-lave-6-mm|bracelet-dore-en-labradorite-8-mm|bracelet-dore-en-lapis-lazuli-4-a-12-mm|bracelet-dore-en-lapis-lazuli-spinelle-et-cristal-de-roche|bracelet-dore-en-nacre-et-pierre-de-lune|bracelet-dore-en-obsidienne-noire-6-mm|bracelet-dore-en-oeil-de-tigre-6-mm|bracelet-dore-en-quartz-rose-8-mm|bracelet-dore-en-sodalite-6-mm|bracelet-dore-en-sodalite-et-pierres-bleues|bracelet-dore-en-sodalite-perles-de-6-mm|bracelet-dore-en-tourmaline-quartz-fume-et-aigue-marine|bracelet-eira-dore-en-amethyste-6-mm|bracelet-eira-dore-en-aventurine-verte-6-mm|bracelet-eira-dore-en-howlite-blanche-6-mm|bracelet-eira-dore-en-lapis-lazuli-6-mm|bracelet-en-agate-bandee-perles-de-8-mm|bracelet-en-agate-fleur-de-cerisier-10-mm|bracelet-en-aigue-marine-4-5-a-5-5-mm-16-a-18-cm|bracelet-en-aigue-marine-chauffee-du-bresil-perles-de-8-mm|bracelet-en-amazonite-des-etats-unis-perles-de-6-mm|bracelet-en-amethyste-du-bresil-10-mm|bracelet-en-amethyste-rubanee-6-mm|bracelet-en-angelite-8-mm-16-a-18-cm|bracelet-en-apatite-bleue-6-mm-14-a-16-cm|bracelet-en-aventurine-bleue-perles-de-6-mm|bracelet-en-aventurine-verte-4-mm-16-a-18-cm|bracelet-en-aventurine-verte-perles-de-8-mm|bracelet-en-bois-de-palo-santo-10-mm|bracelet-en-calcedoine-bleue-de-namibie-perles-de-6-mm|bracelet-en-chrysocolle-du-congo-8-mm-16-a-18-cm|bracelet-en-citrine-chauffee-8-mm-16-a-18-cm|bracelet-en-corail-fossile-6-mm-16-a-18-cm|bracelet-en-cornaline-10-mm-16-a-18-cm|bracelet-en-cornaline-14-mm-16-a-18-cm|bracelet-en-cornaline-8-mm-16-a-18-cm|bracelet-en-cornaline-perles-de-6-mm|bracelet-en-cyanite-bleue-perles-de-6-mm|bracelet-en-dumortierite-6-mm|bracelet-en-fluorine-multicolore-10-mm|bracelet-en-grenat-rouge-4-mm|bracelet-en-grenat-rouge-6-mm|bracelet-en-grenat-rouge-8-mm|bracelet-en-hematite-perles-de-6-mm|bracelet-en-howlite-blanche-perles-de-6-mm|bracelet-en-jaspe-heliotrope-du-bresil-6-mm-16-a-18-cm|bracelet-en-lapis-lazuli-4-mm-16-a-18-cm|bracelet-en-lepidolite-8-mm-16-a-18-cm|bracelet-en-malachite-perles-de-6-mm|bracelet-en-obsidienne-noire-10-mm-16-a-18-cm|bracelet-en-oeil-de-tigre-8-mm-16-a-18-cm|bracelet-en-pierre-de-lune-multicolore-10-mm-16-a-18-cm|bracelet-en-pierre-de-lune-multicolore-perles-de-6-mm|bracelet-en-pierre-de-soleil-noire-orangee-10-mm-16-a-18-cm|bracelet-en-quartz-rose-12-mm-16-a-18-cm|bracelet-en-quartz-rose-du-bresil-6-mm-16-a-18-cm|bracelet-en-rhodonite-d-australie-6-mm-16-a-18-cm|bracelet-en-tourmaline-multicolore-4-mm-16-a-18-cm|bracelet-en-turquoise-d-afrique-6-mm-16-a-18-cm|bracelet-en-zoisite-perles-de-10-mm|bracelet-facette-en-grenat-rouge-4-mm|bracelet-fin-en-hematite-perles-de-4-mm|bracelet-halo-dore-en-aventurine-verte-4-mm|bracelet-halo-dore-en-sodalite-4-mm|bracelet-horus-dore-en-sodalite-6-mm|bracelet-iris-dore-en-aigue-marine-cornaline-et-grenat-4-mm|bracelet-kahel-argente-en-onyx-et-oeil-de-tigre|bracelet-kahel-argente-en-onyx-et-pierre-de-lave-8-mm|bracelet-kahel-en-onyx-et-hematite|bracelet-kahel-en-onyx-et-oeil-de-taureau|bracelet-labradorite|bracelet-legende-en-labradorite-oeil-de-tigre-et-hematite|bracelet-legende-en-oeil-de-tigre-et-onyx|bracelet-mira-dore-en-amethyste-et-cristal-de-roche-16-a-22-cm|bracelet-mira-dore-en-cristal-de-roche-4-mm|bracelet-mira-dore-en-quartz-rose-et-cristal-de-roche|bracelet-murmure-dore-en-amethyste-4-mm|bracelet-rosalia-dore-en-quartz-rose-et-rhodonite-3-mm|bracelet-seraphinite|bracelet-unys-argente-en-onyx-et-oeil-de-taureau|chapelet-en-amethyste-6-mm|chapelet-en-obsidienne-noire-perles-de-6-mm|collier-argente-en-sodalite-a-pampilles|collier-aventurine-verte-boho-dore|collier-boho-dore-en-amethyste-38-a-43-cm|collier-boule-06mm-jaspe-rouge-a|collier-calcedoine-bleue-4mm|collier-dore-en-cristal-de-roche|collier-dore-en-labradorite|collier-dore-en-oeil-de-tigre|collier-dore-en-sodalite-facettee-38-a-43-cm|collier-en-amethyste-du-bresil-4-mm-45-cm|collier-en-apatite-bleue-4-mm-45-cm|collier-en-aventurine-verte-6-mm-45-cm|collier-en-grenat-rouge-4-mm-45-cm|collier-en-grenat-rouge-6-mm-45-cm|collier-en-hematite-6-mm-45-cm|collier-en-howlite-blanche-6-mm-45-cm|collier-en-howlite-blanche-8-mm-45-cm|collier-en-jade-de-chine-6-mm-45-cm|collier-en-jaspe-rouge-6-mm-45-cm|collier-en-lapis-lazuli-d-afghanistan-4-mm-45-cm|collier-en-oeil-de-taureau-6-mm-45-cm|collier-en-oeil-de-taureau-8-mm-45-cm|collier-en-oeil-de-tigre-6-mm-45-cm|collier-en-quartz-rose-4-mm-45-cm|collier-en-rhodonite-de-madagascar-6-mm-45-cm|collier-nuage-argente-en-aigue-marine-4-mm-40-a-45-cm|collier-obsidienne-noire-boho-dore|collier-pyrite-1|collier-quartz-rose-boho-dore|pendentif-aventurine|pendentif-chrysocolle|pendentif-coeur-en-fluorine-verte-15-mm|pendentif-coeur-en-jade-de-chine-15-mm|pendentif-rhodonite|pendentif-sodalite
bols-chantants,Bols chantants,https://milaura.fr/collections/bols-chantants,0,3,YES,
boucles-oreilles,Boucles d'oreilles en pierres naturelles,https://milaura.fr/collections/boucles-oreilles,15,26,NO,boucles-d-oreilles-auren-dorees-en-agate-indienne-4-mm|boucles-d-oreilles-dorees-en-aigue-marine-naturelle-36-mm|boucles-d-oreilles-dorees-en-sodalite-36-mm|boucles-d-oreilles-loa-argentees-en-aventurine-verte-25-mm|boucles-d-oreilles-loa-argentees-en-sodalite-25-mm|boucles-d-oreilles-ornel-dorees-en-hematite-et-lapis-lazuli-35-mm|boucles-d-oreilles-pendantes-en-grenat-rouge-12-mm|boucles-d-oreilles-puces-en-amethyste-8-mm|boucles-d-oreilles-puces-en-cornaline-10-mm|boucles-d-oreilles-puces-en-cornaline-8-mm|boucles-d-oreilles-puces-en-grenat-rouge-8-mm|boucles-d-oreilles-puces-en-obsidienne-noire-10-mm|boucles-d-oreilles-puces-en-quartz-rose-10-mm|boucles-d-oreilles-puces-en-quartz-rose-6-mm|boucles-d-oreilles-puces-en-quartz-rose-8-mm
bougies-emotionnelles,Bougies Émotionnelles,https://milaura.fr/collections/bougies-emotionnelles,5,5,NO,bougie-elegance-ambre-quartz|bougie-joie-fleur-oranger-aventurine|bougie-protection-oud-obsidienne|bougie-reconfort-neroli-calcedoine|bougie-serenite-the-amethyste
bougies-senteurs,Bougies & Senteurs,https://milaura.fr/collections/bougies-senteurs,11,12,NO,baton-de-fumigation-a-l-eucalyptus-10-cm|baton-de-fumigation-a-l-herbe-sacree-10-cm|bougie-elegance-ambre-quartz|bougie-joie-fleur-oranger-aventurine|bougie-protection-oud-obsidienne|bougie-reconfort-neroli-calcedoine|bougie-serenite-the-amethyste|sauge-blanche-7-chakras-en-baton-10-cm|sauge-blanche-au-romarin-10-cm-1-baton|sauge-blanche-en-baton-de-fumigation-10-cm|sauge-blanche-et-cedre
bracelets-aigue-marine,Bracelets en aigue-marine,https://milaura.fr/collections/bracelets-aigue-marine,7,7,NO,bracelet-baroque-en-aigue-marine-du-bresil-aa-16-a-18-cm|bracelet-dore-en-aigue-marine-naturelle-16-a-21-cm|bracelet-dore-en-sodalite-et-pierres-bleues|bracelet-dore-en-tourmaline-quartz-fume-et-aigue-marine|bracelet-en-aigue-marine-4-5-a-5-5-mm-16-a-18-cm|bracelet-en-aigue-marine-chauffee-du-bresil-perles-de-8-mm|bracelet-iris-dore-en-aigue-marine-cornaline-et-grenat-4-mm
bracelets-amethyste,Bracelets en améthyste,https://milaura.fr/collections/bracelets-amethyste,9,11,NO,bracelet-baroque-7-chakras-avec-amethyste|bracelet-baroque-en-amethyste-du-bresil-16-a-18-cm|bracelet-dore-en-amethyste-16-a-21-cm|bracelet-dore-en-amethyste-cornaline-et-cristal-de-roche|bracelet-eira-dore-en-amethyste-6-mm|bracelet-en-amethyste-du-bresil-10-mm|bracelet-en-amethyste-rubanee-6-mm|bracelet-mira-dore-en-amethyste-et-cristal-de-roche-16-a-22-cm|bracelet-murmure-dore-en-amethyste-4-mm
bracelets-aventurine-verte,Bracelets en aventurine verte,https://milaura.fr/collections/bracelets-aventurine-verte,7,7,NO,bracelet-baroque-en-aventurine-verte-16-a-18-cm|bracelet-dore-en-aventurine-verte-6-mm|bracelet-dore-en-aventurine-verte-8-mm|bracelet-eira-dore-en-aventurine-verte-6-mm|bracelet-en-aventurine-verte-4-mm-16-a-18-cm|bracelet-en-aventurine-verte-perles-de-8-mm|bracelet-halo-dore-en-aventurine-verte-4-mm
bracelets-cornaline,Bracelets en cornaline,https://milaura.fr/collections/bracelets-cornaline,8,8,NO,bracelet-dore-en-amethyste-cornaline-et-cristal-de-roche|bracelet-dore-en-cornaline-6-mm|bracelet-dore-en-cornaline-facettee|bracelet-en-cornaline-10-mm-16-a-18-cm|bracelet-en-cornaline-14-mm-16-a-18-cm|bracelet-en-cornaline-8-mm-16-a-18-cm|bracelet-en-cornaline-perles-de-6-mm|bracelet-iris-dore-en-aigue-marine-cornaline-et-grenat-4-mm
bracelets-lapis-lazuli,Bracelets en lapis-lazuli,https://milaura.fr/collections/bracelets-lapis-lazuli,7,8,NO,bracelet-aska-noir-en-lapis-lazuli-et-onyx|bracelet-celyos-argente-lapis-lazuli-onyx-a|bracelet-dore-en-lapis-lazuli-4-a-12-mm|bracelet-dore-en-lapis-lazuli-spinelle-et-cristal-de-roche|bracelet-dore-en-sodalite-et-pierres-bleues|bracelet-eira-dore-en-lapis-lazuli-6-mm|bracelet-en-lapis-lazuli-4-mm-16-a-18-cm
bracelets-onyx,Bracelets en onyx,https://milaura.fr/collections/bracelets-onyx,12,13,NO,bracelet-aska-noir-en-labradorite-et-onyx-6-mm|bracelet-aska-noir-en-lapis-lazuli-et-onyx|bracelet-aska-noir-en-oeil-de-taureau-et-onyx-6-mm|bracelet-aska-noir-en-oeil-de-tigre-et-onyx-6-mm|bracelet-celyos-argente-lapis-lazuli-onyx-a|bracelet-celyos-en-oeil-de-tigre-et-onyx|bracelet-kahel-argente-en-onyx-et-oeil-de-tigre|bracelet-kahel-argente-en-onyx-et-pierre-de-lave-8-mm|bracelet-kahel-en-onyx-et-hematite|bracelet-kahel-en-onyx-et-oeil-de-taureau|bracelet-legende-en-oeil-de-tigre-et-onyx|bracelet-unys-argente-en-onyx-et-oeil-de-taureau
bracelets-pierres,Bracelets en pierres naturelles,https://milaura.fr/collections/bracelets-pierres,114,205,NO,bracelet-alba-dore-en-jaspe-paysage-et-oeil-de-tigre|bracelet-argente-en-labradorite-6-mm|bracelet-argente-en-labradorite-8-mm|bracelet-aska-noir-en-labradorite-et-onyx-6-mm|bracelet-aska-noir-en-lapis-lazuli-et-onyx|bracelet-aska-noir-en-oeil-de-taureau-et-onyx-6-mm|bracelet-aska-noir-en-oeil-de-tigre-et-onyx-6-mm|bracelet-aventurine-rouge-1|bracelet-baroque-7-chakras-avec-amethyste|bracelet-baroque-en-aigue-marine-du-bresil-aa-16-a-18-cm|bracelet-baroque-en-ambre-jaune-16-a-18-cm|bracelet-baroque-en-amethyste-du-bresil-16-a-18-cm|bracelet-baroque-en-apatite-bleue-16-a-18-cm|bracelet-baroque-en-aventurine-verte-16-a-18-cm|bracelet-baroque-en-citrine-chauffee-16-a-18-cm|bracelet-baroque-en-fluorine-multicolore-16-a-18-cm|bracelet-baroque-en-hematite-16-a-18-cm|bracelet-baroque-en-jaspe-rouge-16-a-18-cm|bracelet-baroque-en-obsidienne-mixte-16-a-18-cm|bracelet-baroque-en-quartz-rose-de-madagascar-16-a-18-cm|bracelet-calysta-dore-en-quartz-rose-et-cristal-de-roche|bracelet-celyos-argente-lapis-lazuli-onyx-a|bracelet-celyos-en-oeil-de-tigre-et-onyx|bracelet-clea-dore-en-sodalite-8-mm|bracelet-dore-a-fleurs-de-nacre|bracelet-dore-en-aigue-marine-naturelle-16-a-21-cm|bracelet-dore-en-amethyste-16-a-21-cm|bracelet-dore-en-amethyste-cornaline-et-cristal-de-roche|bracelet-dore-en-aventurine-verte-6-mm|bracelet-dore-en-aventurine-verte-8-mm|bracelet-dore-en-cornaline-6-mm|bracelet-dore-en-cornaline-facettee|bracelet-dore-en-grenat-rhodolite-3-mm|bracelet-dore-en-howlite-blanche-6-mm|bracelet-dore-en-howlite-et-pierre-de-lave-6-mm|bracelet-dore-en-labradorite-8-mm|bracelet-dore-en-lapis-lazuli-4-a-12-mm|bracelet-dore-en-lapis-lazuli-spinelle-et-cristal-de-roche|bracelet-dore-en-nacre-et-pierre-de-lune|bracelet-dore-en-obsidienne-noire-6-mm|bracelet-dore-en-oeil-de-tigre-6-mm|bracelet-dore-en-quartz-rose-8-mm|bracelet-dore-en-sodalite-6-mm|bracelet-dore-en-sodalite-et-pierres-bleues|bracelet-dore-en-sodalite-perles-de-6-mm|bracelet-dore-en-tourmaline-quartz-fume-et-aigue-marine|bracelet-eira-dore-en-amethyste-6-mm|bracelet-eira-dore-en-aventurine-verte-6-mm|bracelet-eira-dore-en-howlite-blanche-6-mm|bracelet-eira-dore-en-lapis-lazuli-6-mm|bracelet-en-agate-bandee-perles-de-8-mm|bracelet-en-agate-fleur-de-cerisier-10-mm|bracelet-en-aigue-marine-4-5-a-5-5-mm-16-a-18-cm|bracelet-en-aigue-marine-chauffee-du-bresil-perles-de-8-mm|bracelet-en-amazonite-des-etats-unis-perles-de-6-mm|bracelet-en-amethyste-du-bresil-10-mm|bracelet-en-amethyste-rubanee-6-mm|bracelet-en-angelite-8-mm-16-a-18-cm|bracelet-en-apatite-bleue-6-mm-14-a-16-cm|bracelet-en-aventurine-bleue-perles-de-6-mm|bracelet-en-aventurine-verte-4-mm-16-a-18-cm|bracelet-en-aventurine-verte-perles-de-8-mm|bracelet-en-bois-de-palo-santo-10-mm|bracelet-en-calcedoine-bleue-de-namibie-perles-de-6-mm|bracelet-en-chrysocolle-du-congo-8-mm-16-a-18-cm|bracelet-en-citrine-chauffee-8-mm-16-a-18-cm|bracelet-en-corail-fossile-6-mm-16-a-18-cm|bracelet-en-cornaline-10-mm-16-a-18-cm|bracelet-en-cornaline-14-mm-16-a-18-cm|bracelet-en-cornaline-8-mm-16-a-18-cm|bracelet-en-cornaline-perles-de-6-mm|bracelet-en-cyanite-bleue-perles-de-6-mm|bracelet-en-dumortierite-6-mm|bracelet-en-fluorine-multicolore-10-mm|bracelet-en-grenat-rouge-4-mm|bracelet-en-grenat-rouge-6-mm|bracelet-en-grenat-rouge-8-mm|bracelet-en-hematite-perles-de-6-mm|bracelet-en-howlite-blanche-perles-de-6-mm|bracelet-en-jaspe-heliotrope-du-bresil-6-mm-16-a-18-cm|bracelet-en-lapis-lazuli-4-mm-16-a-18-cm|bracelet-en-lepidolite-8-mm-16-a-18-cm|bracelet-en-malachite-perles-de-6-mm|bracelet-en-obsidienne-noire-10-mm-16-a-18-cm|bracelet-en-oeil-de-tigre-8-mm-16-a-18-cm|bracelet-en-pierre-de-lune-multicolore-10-mm-16-a-18-cm|bracelet-en-pierre-de-lune-multicolore-perles-de-6-mm|bracelet-en-pierre-de-soleil-noire-orangee-10-mm-16-a-18-cm|bracelet-en-quartz-rose-12-mm-16-a-18-cm|bracelet-en-quartz-rose-du-bresil-6-mm-16-a-18-cm|bracelet-en-rhodonite-d-australie-6-mm-16-a-18-cm|bracelet-en-tourmaline-multicolore-4-mm-16-a-18-cm|bracelet-en-turquoise-d-afrique-6-mm-16-a-18-cm|bracelet-en-zoisite-perles-de-10-mm|bracelet-facette-en-grenat-rouge-4-mm|bracelet-fin-en-hematite-perles-de-4-mm|bracelet-halo-dore-en-aventurine-verte-4-mm|bracelet-halo-dore-en-sodalite-4-mm|bracelet-horus-dore-en-sodalite-6-mm|bracelet-iris-dore-en-aigue-marine-cornaline-et-grenat-4-mm|bracelet-kahel-argente-en-onyx-et-oeil-de-tigre|bracelet-kahel-argente-en-onyx-et-pierre-de-lave-8-mm|bracelet-kahel-en-onyx-et-hematite|bracelet-kahel-en-onyx-et-oeil-de-taureau|bracelet-labradorite|bracelet-legende-en-labradorite-oeil-de-tigre-et-hematite|bracelet-legende-en-oeil-de-tigre-et-onyx|bracelet-mira-dore-en-amethyste-et-cristal-de-roche-16-a-22-cm|bracelet-mira-dore-en-cristal-de-roche-4-mm|bracelet-mira-dore-en-quartz-rose-et-cristal-de-roche|bracelet-murmure-dore-en-amethyste-4-mm|bracelet-rosalia-dore-en-quartz-rose-et-rhodonite-3-mm|bracelet-seraphinite|bracelet-unys-argente-en-onyx-et-oeil-de-taureau
bracelets-quartz-rose,Bracelets en quartz rose,https://milaura.fr/collections/bracelets-quartz-rose,7,7,NO,bracelet-baroque-en-quartz-rose-de-madagascar-16-a-18-cm|bracelet-calysta-dore-en-quartz-rose-et-cristal-de-roche|bracelet-dore-en-quartz-rose-8-mm|bracelet-en-quartz-rose-12-mm-16-a-18-cm|bracelet-en-quartz-rose-du-bresil-6-mm-16-a-18-cm|bracelet-mira-dore-en-quartz-rose-et-cristal-de-roche|bracelet-rosalia-dore-en-quartz-rose-et-rhodonite-3-mm
bracelets-sodalite,Bracelets en sodalite,https://milaura.fr/collections/bracelets-sodalite,6,6,NO,bracelet-clea-dore-en-sodalite-8-mm|bracelet-dore-en-sodalite-6-mm|bracelet-dore-en-sodalite-et-pierres-bleues|bracelet-dore-en-sodalite-perles-de-6-mm|bracelet-halo-dore-en-sodalite-4-mm|bracelet-horus-dore-en-sodalite-6-mm
chaines,Chaînes pour pendentifs,https://milaura.fr/collections/chaines,1,5,NO,chaine-doree-maille-forcat-reglable-50-cm
colliers-amethyste,Colliers en améthyste,https://milaura.fr/collections/colliers-amethyste,2,4,NO,collier-boho-dore-en-amethyste-38-a-43-cm|collier-en-amethyste-du-bresil-4-mm-45-cm
colliers-pierres,Colliers en pierres naturelles,https://milaura.fr/collections/colliers-pierres,29,39,NO,collier-argente-en-sodalite-a-pampilles|collier-aventurine-verte-boho-dore|collier-boho-dore-en-amethyste-38-a-43-cm|collier-boule-06mm-jaspe-rouge-a|collier-calcedoine-bleue-4mm|collier-dore-en-cristal-de-roche|collier-dore-en-labradorite|collier-dore-en-oeil-de-tigre|collier-dore-en-sodalite-facettee-38-a-43-cm|collier-en-amethyste-du-bresil-4-mm-45-cm|collier-en-apatite-bleue-4-mm-45-cm|collier-en-aventurine-verte-6-mm-45-cm|collier-en-grenat-rouge-4-mm-45-cm|collier-en-grenat-rouge-6-mm-45-cm|collier-en-hematite-6-mm-45-cm|collier-en-howlite-blanche-6-mm-45-cm|collier-en-howlite-blanche-8-mm-45-cm|collier-en-jade-de-chine-6-mm-45-cm|collier-en-jaspe-rouge-6-mm-45-cm|collier-en-lapis-lazuli-d-afghanistan-4-mm-45-cm|collier-en-oeil-de-taureau-6-mm-45-cm|collier-en-oeil-de-taureau-8-mm-45-cm|collier-en-oeil-de-tigre-6-mm-45-cm|collier-en-quartz-rose-4-mm-45-cm|collier-en-rhodonite-de-madagascar-6-mm-45-cm|collier-nuage-argente-en-aigue-marine-4-mm-40-a-45-cm|collier-obsidienne-noire-boho-dore|collier-pyrite-1|collier-quartz-rose-boho-dore
nouveautes,Nouveautés,https://milaura.fr/collections/nouveautes,215,261,NO,accessoire-flacon-roll-on-en-aventurine-verte|accessoire-flacon-roll-on-en-cristal-de-roche|accessoire-flacon-roll-on-en-fluorine-multicolore|accessoire-flacon-roll-on-en-obsidienne-noire|accessoire-flacon-roll-on-en-oeil-de-tigre|accessoire-flacon-roll-on-en-quartz-rose|accessoire-mineral-bouddha-en-cristal-de-roche-40-mm|accessoire-mineral-bouddha-en-jaspe-rouge-50-mm|accessoire-mineral-croissant-grave-en-selenite-70-a-80-mm|accessoire-mineral-grenouille-en-quartz-rose-50-mm|accessoire-mineral-pointe-biterminee-en-cristal-de-roche-30-mm|accessoire-porte-cles-en-amethyste-claire|accessoire-porte-cles-goutte-en-jade-de-chine|accessoire-porte-cles-goutte-en-quartz-rose|arbre-mineral-en-amethyste-du-bresil-150-a-200-mm|bague-doree-en-sodalite-taille-54|bague-en-argent-925-et-aigue-marine-du-bresil|bague-ouverte-doree-en-aigue-marine-naturelle-taille-54|bague-ouverte-en-argent-925-et-aigue-marine-7-mm|baton-de-fumigation-a-l-eucalyptus-10-cm|baton-de-fumigation-a-l-herbe-sacree-10-cm|boucles-d-oreilles-auren-dorees-en-agate-indienne-4-mm|boucles-d-oreilles-dorees-en-sodalite-36-mm|boucles-d-oreilles-loa-argentees-en-aventurine-verte-25-mm|boucles-d-oreilles-loa-argentees-en-sodalite-25-mm|boucles-d-oreilles-ornel-dorees-en-hematite-et-lapis-lazuli-35-mm|boucles-d-oreilles-pendantes-en-grenat-rouge-12-mm|boucles-d-oreilles-puces-en-amethyste-8-mm|boucles-d-oreilles-puces-en-cornaline-10-mm|boucles-d-oreilles-puces-en-cornaline-8-mm|boucles-d-oreilles-puces-en-grenat-rouge-8-mm|boucles-d-oreilles-puces-en-obsidienne-noire-10-mm|boucles-d-oreilles-puces-en-quartz-rose-10-mm|boucles-d-oreilles-puces-en-quartz-rose-6-mm|boucles-d-oreilles-puces-en-quartz-rose-8-mm|bougie-elegance-ambre-quartz|bougie-joie-fleur-oranger-aventurine|bougie-reconfort-neroli-calcedoine|bracelet-alba-dore-en-jaspe-paysage-et-oeil-de-tigre|bracelet-argente-en-labradorite-6-mm|bracelet-argente-en-labradorite-8-mm|bracelet-aska-noir-en-labradorite-et-onyx-6-mm|bracelet-aska-noir-en-lapis-lazuli-et-onyx|bracelet-aska-noir-en-oeil-de-taureau-et-onyx-6-mm|bracelet-aska-noir-en-oeil-de-tigre-et-onyx-6-mm|bracelet-baroque-7-chakras-avec-amethyste|bracelet-baroque-en-aigue-marine-du-bresil-aa-16-a-18-cm|bracelet-baroque-en-ambre-jaune-16-a-18-cm|bracelet-baroque-en-amethyste-du-bresil-16-a-18-cm|bracelet-baroque-en-apatite-bleue-16-a-18-cm|bracelet-baroque-en-aventurine-verte-16-a-18-cm|bracelet-baroque-en-citrine-chauffee-16-a-18-cm|bracelet-baroque-en-fluorine-multicolore-16-a-18-cm|bracelet-baroque-en-hematite-16-a-18-cm|bracelet-baroque-en-jaspe-rouge-16-a-18-cm|bracelet-baroque-en-obsidienne-mixte-16-a-18-cm|bracelet-baroque-en-quartz-rose-de-madagascar-16-a-18-cm|bracelet-calysta-dore-en-quartz-rose-et-cristal-de-roche|bracelet-celyos-en-oeil-de-tigre-et-onyx|bracelet-clea-dore-en-sodalite-8-mm|bracelet-dore-a-fleurs-de-nacre|bracelet-dore-en-aigue-marine-naturelle-16-a-21-cm|bracelet-dore-en-amethyste-16-a-21-cm|bracelet-dore-en-amethyste-cornaline-et-cristal-de-roche|bracelet-dore-en-aventurine-verte-6-mm|bracelet-dore-en-aventurine-verte-8-mm|bracelet-dore-en-cornaline-6-mm|bracelet-dore-en-cornaline-facettee|bracelet-dore-en-grenat-rhodolite-3-mm|bracelet-dore-en-howlite-blanche-6-mm|bracelet-dore-en-howlite-et-pierre-de-lave-6-mm|bracelet-dore-en-labradorite-8-mm|bracelet-dore-en-lapis-lazuli-4-a-12-mm|bracelet-dore-en-lapis-lazuli-spinelle-et-cristal-de-roche|bracelet-dore-en-nacre-et-pierre-de-lune|bracelet-dore-en-obsidienne-noire-6-mm|bracelet-dore-en-oeil-de-tigre-6-mm|bracelet-dore-en-quartz-rose-8-mm|bracelet-dore-en-sodalite-6-mm|bracelet-dore-en-sodalite-et-pierres-bleues|bracelet-dore-en-sodalite-perles-de-6-mm|bracelet-dore-en-tourmaline-quartz-fume-et-aigue-marine|bracelet-eira-dore-en-amethyste-6-mm|bracelet-eira-dore-en-aventurine-verte-6-mm|bracelet-eira-dore-en-howlite-blanche-6-mm|bracelet-eira-dore-en-lapis-lazuli-6-mm|bracelet-en-agate-bandee-perles-de-8-mm|bracelet-en-agate-fleur-de-cerisier-10-mm|bracelet-en-aigue-marine-4-5-a-5-5-mm-16-a-18-cm|bracelet-en-aigue-marine-chauffee-du-bresil-perles-de-8-mm|bracelet-en-amazonite-des-etats-unis-perles-de-6-mm|bracelet-en-amethyste-du-bresil-10-mm|bracelet-en-amethyste-rubanee-6-mm|bracelet-en-angelite-8-mm-16-a-18-cm|bracelet-en-apatite-bleue-6-mm-14-a-16-cm|bracelet-en-aventurine-bleue-perles-de-6-mm|bracelet-en-aventurine-verte-4-mm-16-a-18-cm|bracelet-en-aventurine-verte-perles-de-8-mm|bracelet-en-bois-de-palo-santo-10-mm|bracelet-en-calcedoine-bleue-de-namibie-perles-de-6-mm|bracelet-en-chrysocolle-du-congo-8-mm-16-a-18-cm|bracelet-en-citrine-chauffee-8-mm-16-a-18-cm|bracelet-en-corail-fossile-6-mm-16-a-18-cm|bracelet-en-cornaline-10-mm-16-a-18-cm|bracelet-en-cornaline-14-mm-16-a-18-cm|bracelet-en-cornaline-8-mm-16-a-18-cm|bracelet-en-cornaline-perles-de-6-mm|bracelet-en-cyanite-bleue-perles-de-6-mm|bracelet-en-dumortierite-6-mm|bracelet-en-fluorine-multicolore-10-mm|bracelet-en-grenat-rouge-4-mm|bracelet-en-grenat-rouge-6-mm|bracelet-en-grenat-rouge-8-mm|bracelet-en-hematite-perles-de-6-mm|bracelet-en-howlite-blanche-perles-de-6-mm|bracelet-en-jaspe-heliotrope-du-bresil-6-mm-16-a-18-cm|bracelet-en-lapis-lazuli-4-mm-16-a-18-cm|bracelet-en-lepidolite-8-mm-16-a-18-cm|bracelet-en-malachite-perles-de-6-mm|bracelet-en-obsidienne-noire-10-mm-16-a-18-cm|bracelet-en-oeil-de-tigre-8-mm-16-a-18-cm|bracelet-en-pierre-de-lune-multicolore-10-mm-16-a-18-cm|bracelet-en-pierre-de-lune-multicolore-perles-de-6-mm|bracelet-en-pierre-de-soleil-noire-orangee-10-mm-16-a-18-cm|bracelet-en-quartz-rose-12-mm-16-a-18-cm|bracelet-en-quartz-rose-du-bresil-6-mm-16-a-18-cm|bracelet-en-rhodonite-d-australie-6-mm-16-a-18-cm|bracelet-en-tourmaline-multicolore-4-mm-16-a-18-cm|bracelet-en-turquoise-d-afrique-6-mm-16-a-18-cm|bracelet-en-zoisite-perles-de-10-mm|bracelet-facette-en-grenat-rouge-4-mm|bracelet-fin-en-hematite-perles-de-4-mm|bracelet-halo-dore-en-aventurine-verte-4-mm|bracelet-halo-dore-en-sodalite-4-mm|bracelet-horus-dore-en-sodalite-6-mm|bracelet-iris-dore-en-aigue-marine-cornaline-et-grenat-4-mm|bracelet-kahel-argente-en-onyx-et-oeil-de-tigre|bracelet-kahel-argente-en-onyx-et-pierre-de-lave-8-mm|bracelet-kahel-en-onyx-et-hematite|bracelet-kahel-en-onyx-et-oeil-de-taureau|bracelet-labradorite|bracelet-legende-en-labradorite-oeil-de-tigre-et-hematite|bracelet-legende-en-oeil-de-tigre-et-onyx|bracelet-mira-dore-en-amethyste-et-cristal-de-roche-16-a-22-cm|bracelet-mira-dore-en-cristal-de-roche-4-mm|bracelet-mira-dore-en-quartz-rose-et-cristal-de-roche|bracelet-murmure-dore-en-amethyste-4-mm|bracelet-rosalia-dore-en-quartz-rose-et-rhodonite-3-mm|bracelet-seraphinite|bracelet-unys-argente-en-onyx-et-oeil-de-taureau|chaine-doree-maille-forcat-reglable-50-cm|chapelet-en-amethyste-6-mm|chapelet-en-obsidienne-noire-perles-de-6-mm|coffret-roller-visage-en-jade-nephrite|collier-argente-en-sodalite-a-pampilles|collier-aventurine-verte-boho-dore|collier-boho-dore-en-amethyste-38-a-43-cm|collier-boule-06mm-jaspe-rouge-a|collier-dore-en-sodalite-facettee-38-a-43-cm|collier-en-amethyste-du-bresil-4-mm-45-cm|collier-en-apatite-bleue-4-mm-45-cm|collier-en-aventurine-verte-6-mm-45-cm|collier-en-grenat-rouge-4-mm-45-cm|collier-en-grenat-rouge-6-mm-45-cm|collier-en-hematite-6-mm-45-cm|collier-en-howlite-blanche-6-mm-45-cm|collier-en-howlite-blanche-8-mm-45-cm|collier-en-jade-de-chine-6-mm-45-cm|collier-en-jaspe-rouge-6-mm-45-cm|collier-en-lapis-lazuli-d-afghanistan-4-mm-45-cm|collier-en-oeil-de-taureau-6-mm-45-cm|collier-en-oeil-de-taureau-8-mm-45-cm|collier-en-oeil-de-tigre-6-mm-45-cm|collier-en-quartz-rose-4-mm-45-cm|collier-en-rhodonite-de-madagascar-6-mm-45-cm|collier-nuage-argente-en-aigue-marine-4-mm-40-a-45-cm|collier-obsidienne-noire-boho-dore|collier-quartz-rose-boho-dore|distributeur-de-savon-en-aventurine-bleue-brute-100-a-150-mm|distributeur-de-savon-en-aventurine-verte-brute-100-a-150-mm|distributeur-de-savon-en-quartz-rose-100-a-150-mm|orgonite-7-chakras-60-mm|orgonite-pyramide-arbre-de-vie-en-amethyste-60-mm|orgonite-pyramide-cercle-magique-en-amethyste-60-mm|pendentif-coeur-en-fluorine-verte-15-mm|pendentif-coeur-en-jade-de-chine-15-mm|pendule-7-chakras-hexagonal-avec-amethyste|pendule-conique-en-quartz-rose-du-bresil|pendule-egyptien-en-quartz-rose-du-bresil|pendule-en-acier-argente-01|pendule-hexagonal-en-amethyste-du-bresil|pendule-hexagonal-en-pierre-de-lune-rose-d-inde|pendule-hexagonal-en-pierre-de-soleil|pendule-hexagonal-en-tourmaline-noire|pierre-roulee-en-aventurine-verte-galet-45-a-50-mm|pierre-roulee-en-howlite-blanche-galet-de-45-mm|pierre-roulee-en-rhodonite-galet-de-45-mm|plaque-arbre-de-vie-en-bois-de-tilleul-10-cm|plaque-de-rechargement-zodiaque-en-selenite-100-mm|plaque-fleur-de-vie-ajouree-en-bois-10-cm|plaque-fleur-de-vie-decoupee-en-bois-20-cm|plaque-fleur-de-vie-et-oeil-d-horus-en-bois-10-cm|plaque-fleur-de-vie-gravee-en-bois-10-cm|rouleau-de-massage-visage-en-jade-de-chine-a-deux-tetes|sauge-blanche-7-chakras-en-baton-10-cm|sauge-blanche-au-romarin-10-cm-1-baton|sauge-blanche-en-baton-de-fumigation-10-cm|savon-a-l-argan|savon-a-la-framboise|savon-a-la-rose|savon-a-la-verveine|savon-au-miel|sphere-en-agate-indienne-30-mm|sphere-en-jade-de-chine-30-mm|sphere-en-jaspe-heliotrope-30-mm
par-pierre-agate,Bijoux en agate,https://milaura.fr/collections/par-pierre-agate,3,28,NO,boucles-d-oreilles-auren-dorees-en-agate-indienne-4-mm|bracelet-en-agate-bandee-perles-de-8-mm|bracelet-en-agate-fleur-de-cerisier-10-mm
par-pierre-aigue-marine,Bijoux en aigue-marine,https://milaura.fr/collections/par-pierre-aigue-marine,12,74,NO,bague-en-argent-925-et-aigue-marine-du-bresil|bague-ouverte-doree-en-aigue-marine-naturelle-taille-54|bague-ouverte-en-argent-925-et-aigue-marine-7-mm|boucles-d-oreilles-dorees-en-aigue-marine-naturelle-36-mm|bracelet-baroque-en-aigue-marine-du-bresil-aa-16-a-18-cm|bracelet-dore-en-aigue-marine-naturelle-16-a-21-cm|bracelet-dore-en-sodalite-et-pierres-bleues|bracelet-dore-en-tourmaline-quartz-fume-et-aigue-marine|bracelet-en-aigue-marine-4-5-a-5-5-mm-16-a-18-cm|bracelet-en-aigue-marine-chauffee-du-bresil-perles-de-8-mm|bracelet-iris-dore-en-aigue-marine-cornaline-et-grenat-4-mm|collier-nuage-argente-en-aigue-marine-4-mm-40-a-45-cm
par-pierre-amazonite,Bijoux en amazonite,https://milaura.fr/collections/par-pierre-amazonite,2,18,NO,bracelet-dore-en-sodalite-et-pierres-bleues|bracelet-en-amazonite-des-etats-unis-perles-de-6-mm
par-pierre-ambre,Bijoux : Ambre,https://milaura.fr/collections/par-pierre-ambre,1,1,NO,bracelet-baroque-en-ambre-jaune-16-a-18-cm
par-pierre-amethyste,Bijoux en améthyste,https://milaura.fr/collections/par-pierre-amethyste,20,31,NO,accessoire-porte-cles-en-amethyste-claire|arbre-mineral-en-amethyste-du-bresil-150-a-200-mm|boucles-d-oreilles-puces-en-amethyste-8-mm|bougie-serenite-the-amethyste|bracelet-baroque-7-chakras-avec-amethyste|bracelet-baroque-en-amethyste-du-bresil-16-a-18-cm|bracelet-dore-en-amethyste-16-a-21-cm|bracelet-dore-en-amethyste-cornaline-et-cristal-de-roche|bracelet-eira-dore-en-amethyste-6-mm|bracelet-en-amethyste-du-bresil-10-mm|bracelet-en-amethyste-rubanee-6-mm|bracelet-mira-dore-en-amethyste-et-cristal-de-roche-16-a-22-cm|bracelet-murmure-dore-en-amethyste-4-mm|chapelet-en-amethyste-6-mm|collier-boho-dore-en-amethyste-38-a-43-cm|collier-en-amethyste-du-bresil-4-mm-45-cm|orgonite-pyramide-arbre-de-vie-en-amethyste-60-mm|orgonite-pyramide-cercle-magique-en-amethyste-60-mm|pendule-7-chakras-hexagonal-avec-amethyste|pendule-hexagonal-en-amethyste-du-bresil
par-pierre-angelite,Bijoux : Angélite,https://milaura.fr/collections/par-pierre-angelite,1,1,NO,bracelet-en-angelite-8-mm-16-a-18-cm
par-pierre-apatite-bleue,Bijoux : Apatite bleue,https://milaura.fr/collections/par-pierre-apatite-bleue,3,3,NO,bracelet-baroque-en-apatite-bleue-16-a-18-cm|bracelet-en-apatite-bleue-6-mm-14-a-16-cm|collier-en-apatite-bleue-4-mm-45-cm
par-pierre-aventurine,Bijoux en aventurine,https://milaura.fr/collections/par-pierre-aventurine,12,72,NO,boucles-d-oreilles-loa-argentees-en-aventurine-verte-25-mm|bracelet-aventurine-rouge-1|bracelet-baroque-en-aventurine-verte-16-a-18-cm|bracelet-dore-en-aventurine-verte-6-mm|bracelet-dore-en-aventurine-verte-8-mm|bracelet-eira-dore-en-aventurine-verte-6-mm|bracelet-en-aventurine-verte-4-mm-16-a-18-cm|bracelet-en-aventurine-verte-perles-de-8-mm|bracelet-halo-dore-en-aventurine-verte-4-mm|collier-aventurine-verte-boho-dore|collier-en-aventurine-verte-6-mm-45-cm|pendentif-aventurine
par-pierre-calcedoine-bleue,Bijoux : Calcédoine bleue,https://milaura.fr/collections/par-pierre-calcedoine-bleue,1,1,NO,bracelet-en-calcedoine-bleue-de-namibie-perles-de-6-mm
par-pierre-chrysocolle,Bijoux : Chrysocolle,https://milaura.fr/collections/par-pierre-chrysocolle,2,2,NO,bracelet-en-chrysocolle-du-congo-8-mm-16-a-18-cm|pendentif-chrysocolle
par-pierre-citrine,Bijoux : Citrine,https://milaura.fr/collections/par-pierre-citrine,2,2,NO,bracelet-baroque-en-citrine-chauffee-16-a-18-cm|bracelet-en-citrine-chauffee-8-mm-16-a-18-cm
par-pierre-corail-fossile,Bijoux : Corail fossile,https://milaura.fr/collections/par-pierre-corail-fossile,1,1,NO,bracelet-en-corail-fossile-6-mm-16-a-18-cm
par-pierre-cornaline,Bijoux en cornaline,https://milaura.fr/collections/par-pierre-cornaline,10,10,NO,boucles-d-oreilles-puces-en-cornaline-10-mm|boucles-d-oreilles-puces-en-cornaline-8-mm|bracelet-dore-en-amethyste-cornaline-et-cristal-de-roche|bracelet-dore-en-cornaline-6-mm|bracelet-dore-en-cornaline-facettee|bracelet-en-cornaline-10-mm-16-a-18-cm|bracelet-en-cornaline-14-mm-16-a-18-cm|bracelet-en-cornaline-8-mm-16-a-18-cm|bracelet-en-cornaline-perles-de-6-mm|bracelet-iris-dore-en-aigue-marine-cornaline-et-grenat-4-mm
par-pierre-cristal-de-roche,Bijoux : Cristal de roche,https://milaura.fr/collections/par-pierre-cristal-de-roche,8,8,NO,bracelet-calysta-dore-en-quartz-rose-et-cristal-de-roche|bracelet-dore-en-amethyste-cornaline-et-cristal-de-roche|bracelet-dore-en-lapis-lazuli-spinelle-et-cristal-de-roche|bracelet-dore-en-sodalite-et-pierres-bleues|bracelet-mira-dore-en-amethyste-et-cristal-de-roche-16-a-22-cm|bracelet-mira-dore-en-cristal-de-roche-4-mm|bracelet-mira-dore-en-quartz-rose-et-cristal-de-roche|collier-dore-en-cristal-de-roche
par-pierre-cyanite-bleue,Bijoux : Cyanite bleue,https://milaura.fr/collections/par-pierre-cyanite-bleue,1,1,NO,bracelet-en-cyanite-bleue-perles-de-6-mm
par-pierre-dumortierite,Bijoux : Dumortiérite,https://milaura.fr/collections/par-pierre-dumortierite,1,1,NO,bracelet-en-dumortierite-6-mm
par-pierre-fluorine,Bijoux : Fluorine,https://milaura.fr/collections/par-pierre-fluorine,3,3,NO,bracelet-baroque-en-fluorine-multicolore-16-a-18-cm|bracelet-en-fluorine-multicolore-10-mm|pendentif-coeur-en-fluorine-verte-15-mm
par-pierre-grenat,Bijoux : Grenat,https://milaura.fr/collections/par-pierre-grenat,10,10,NO,boucles-d-oreilles-pendantes-en-grenat-rouge-12-mm|boucles-d-oreilles-puces-en-grenat-rouge-8-mm|bracelet-dore-en-grenat-rhodolite-3-mm|bracelet-en-grenat-rouge-4-mm|bracelet-en-grenat-rouge-6-mm|bracelet-en-grenat-rouge-8-mm|bracelet-facette-en-grenat-rouge-4-mm|bracelet-iris-dore-en-aigue-marine-cornaline-et-grenat-4-mm|collier-en-grenat-rouge-4-mm-45-cm|collier-en-grenat-rouge-6-mm-45-cm
par-pierre-hematite,Bijoux : Hématite,https://milaura.fr/collections/par-pierre-hematite,7,7,NO,boucles-d-oreilles-ornel-dorees-en-hematite-et-lapis-lazuli-35-mm|bracelet-baroque-en-hematite-16-a-18-cm|bracelet-en-hematite-perles-de-6-mm|bracelet-fin-en-hematite-perles-de-4-mm|bracelet-kahel-en-onyx-et-hematite|bracelet-legende-en-labradorite-oeil-de-tigre-et-hematite|collier-en-hematite-6-mm-45-cm
par-pierre-howlite,Bijoux : Howlite,https://milaura.fr/collections/par-pierre-howlite,6,6,NO,bracelet-dore-en-howlite-blanche-6-mm|bracelet-dore-en-howlite-et-pierre-de-lave-6-mm|bracelet-eira-dore-en-howlite-blanche-6-mm|bracelet-en-howlite-blanche-perles-de-6-mm|collier-en-howlite-blanche-6-mm-45-cm|collier-en-howlite-blanche-8-mm-45-cm
par-pierre-jade,Bijoux : Jade,https://milaura.fr/collections/par-pierre-jade,2,2,NO,collier-en-jade-de-chine-6-mm-45-cm|pendentif-coeur-en-jade-de-chine-15-mm
par-pierre-jaspe,Bijoux : Jaspe,https://milaura.fr/collections/par-pierre-jaspe,4,4,NO,bracelet-alba-dore-en-jaspe-paysage-et-oeil-de-tigre|bracelet-baroque-en-jaspe-rouge-16-a-18-cm|bracelet-en-jaspe-heliotrope-du-bresil-6-mm-16-a-18-cm|collier-en-jaspe-rouge-6-mm-45-cm
par-pierre-jaspe-rouge,Bijoux en jaspe rouge,https://milaura.fr/collections/par-pierre-jaspe-rouge,5,6,NO,accessoire-mineral-bouddha-en-jaspe-rouge-50-mm|bracelet-baroque-en-jaspe-rouge-16-a-18-cm|collier-boule-06mm-jaspe-rouge-a|collier-en-jaspe-rouge-6-mm-45-cm|pendule-jaspe-rouge
par-pierre-labradorite,Bijoux : Labradorite,https://milaura.fr/collections/par-pierre-labradorite,7,7,NO,bracelet-argente-en-labradorite-6-mm|bracelet-argente-en-labradorite-8-mm|bracelet-aska-noir-en-labradorite-et-onyx-6-mm|bracelet-dore-en-labradorite-8-mm|bracelet-labradorite|bracelet-legende-en-labradorite-oeil-de-tigre-et-hematite|collier-dore-en-labradorite
par-pierre-lapis-lazuli,Bijoux en lapis-lazuli,https://milaura.fr/collections/par-pierre-lapis-lazuli,9,57,NO,boucles-d-oreilles-ornel-dorees-en-hematite-et-lapis-lazuli-35-mm|bracelet-aska-noir-en-lapis-lazuli-et-onyx|bracelet-celyos-argente-lapis-lazuli-onyx-a|bracelet-dore-en-lapis-lazuli-4-a-12-mm|bracelet-dore-en-lapis-lazuli-spinelle-et-cristal-de-roche|bracelet-dore-en-sodalite-et-pierres-bleues|bracelet-eira-dore-en-lapis-lazuli-6-mm|bracelet-en-lapis-lazuli-4-mm-16-a-18-cm|collier-en-lapis-lazuli-d-afghanistan-4-mm-45-cm
par-pierre-lepidolite,Bijoux : Lépidolite,https://milaura.fr/collections/par-pierre-lepidolite,1,1,NO,bracelet-en-lepidolite-8-mm-16-a-18-cm
par-pierre-malachite,Bijoux : Malachite,https://milaura.fr/collections/par-pierre-malachite,1,1,NO,bracelet-en-malachite-perles-de-6-mm
par-pierre-obsidienne,Bijoux : Obsidienne,https://milaura.fr/collections/par-pierre-obsidienne,6,6,NO,boucles-d-oreilles-puces-en-obsidienne-noire-10-mm|bracelet-baroque-en-obsidienne-mixte-16-a-18-cm|bracelet-dore-en-obsidienne-noire-6-mm|bracelet-en-obsidienne-noire-10-mm-16-a-18-cm|chapelet-en-obsidienne-noire-perles-de-6-mm|collier-obsidienne-noire-boho-dore
par-pierre-oeil-de-taureau,Bijoux : Œil de taureau,https://milaura.fr/collections/par-pierre-oeil-de-taureau,5,5,NO,bracelet-aska-noir-en-oeil-de-taureau-et-onyx-6-mm|bracelet-kahel-en-onyx-et-oeil-de-taureau|bracelet-unys-argente-en-onyx-et-oeil-de-taureau|collier-en-oeil-de-taureau-6-mm-45-cm|collier-en-oeil-de-taureau-8-mm-45-cm
par-pierre-oeil-de-tigre,Bijoux en œil de tigre,https://milaura.fr/collections/par-pierre-oeil-de-tigre,10,62,NO,bracelet-alba-dore-en-jaspe-paysage-et-oeil-de-tigre|bracelet-aska-noir-en-oeil-de-tigre-et-onyx-6-mm|bracelet-celyos-en-oeil-de-tigre-et-onyx|bracelet-dore-en-oeil-de-tigre-6-mm|bracelet-en-oeil-de-tigre-8-mm-16-a-18-cm|bracelet-kahel-argente-en-onyx-et-oeil-de-tigre|bracelet-legende-en-labradorite-oeil-de-tigre-et-hematite|bracelet-legende-en-oeil-de-tigre-et-onyx|collier-dore-en-oeil-de-tigre|collier-en-oeil-de-tigre-6-mm-45-cm
par-pierre-onyx,Bijoux en onyx,https://milaura.fr/collections/par-pierre-onyx,12,12,NO,bracelet-aska-noir-en-labradorite-et-onyx-6-mm|bracelet-aska-noir-en-lapis-lazuli-et-onyx|bracelet-aska-noir-en-oeil-de-taureau-et-onyx-6-mm|bracelet-aska-noir-en-oeil-de-tigre-et-onyx-6-mm|bracelet-celyos-argente-lapis-lazuli-onyx-a|bracelet-celyos-en-oeil-de-tigre-et-onyx|bracelet-kahel-argente-en-onyx-et-oeil-de-tigre|bracelet-kahel-argente-en-onyx-et-pierre-de-lave-8-mm|bracelet-kahel-en-onyx-et-hematite|bracelet-kahel-en-onyx-et-oeil-de-taureau|bracelet-legende-en-oeil-de-tigre-et-onyx|bracelet-unys-argente-en-onyx-et-oeil-de-taureau
par-pierre-pierre-de-lave,Bijoux : Pierre de lave,https://milaura.fr/collections/par-pierre-pierre-de-lave,2,2,NO,bracelet-dore-en-howlite-et-pierre-de-lave-6-mm|bracelet-kahel-argente-en-onyx-et-pierre-de-lave-8-mm
par-pierre-pierre-de-lune,Bijoux : Pierre de lune,https://milaura.fr/collections/par-pierre-pierre-de-lune,3,3,NO,bracelet-dore-en-nacre-et-pierre-de-lune|bracelet-en-pierre-de-lune-multicolore-10-mm-16-a-18-cm|bracelet-en-pierre-de-lune-multicolore-perles-de-6-mm
par-pierre-pierre-de-soleil,Bijoux : Pierre de soleil,https://milaura.fr/collections/par-pierre-pierre-de-soleil,1,1,NO,bracelet-en-pierre-de-soleil-noire-orangee-10-mm-16-a-18-cm
par-pierre-quartz-fraise,Bijoux : Quartz fraise,https://milaura.fr/collections/par-pierre-quartz-fraise,1,1,NO,bracelet-calysta-dore-en-quartz-rose-et-cristal-de-roche
par-pierre-quartz-rose,Bijoux en quartz rose,https://milaura.fr/collections/par-pierre-quartz-rose,12,76,NO,boucles-d-oreilles-puces-en-quartz-rose-10-mm|boucles-d-oreilles-puces-en-quartz-rose-6-mm|boucles-d-oreilles-puces-en-quartz-rose-8-mm|bracelet-baroque-en-quartz-rose-de-madagascar-16-a-18-cm|bracelet-calysta-dore-en-quartz-rose-et-cristal-de-roche|bracelet-dore-en-quartz-rose-8-mm|bracelet-en-quartz-rose-12-mm-16-a-18-cm|bracelet-en-quartz-rose-du-bresil-6-mm-16-a-18-cm|bracelet-mira-dore-en-quartz-rose-et-cristal-de-roche|bracelet-rosalia-dore-en-quartz-rose-et-rhodonite-3-mm|collier-en-quartz-rose-4-mm-45-cm|collier-quartz-rose-boho-dore
par-pierre-rhodonite,Bijoux : Rhodonite,https://milaura.fr/collections/par-pierre-rhodonite,4,4,NO,bracelet-en-rhodonite-d-australie-6-mm-16-a-18-cm|bracelet-rosalia-dore-en-quartz-rose-et-rhodonite-3-mm|collier-en-rhodonite-de-madagascar-6-mm-45-cm|pendentif-rhodonite
par-pierre-sodalite,Bijoux en sodalite,https://milaura.fr/collections/par-pierre-sodalite,12,20,NO,bague-doree-en-sodalite-taille-54|boucles-d-oreilles-dorees-en-sodalite-36-mm|boucles-d-oreilles-loa-argentees-en-sodalite-25-mm|bracelet-clea-dore-en-sodalite-8-mm|bracelet-dore-en-sodalite-6-mm|bracelet-dore-en-sodalite-et-pierres-bleues|bracelet-dore-en-sodalite-perles-de-6-mm|bracelet-halo-dore-en-sodalite-4-mm|bracelet-horus-dore-en-sodalite-6-mm|collier-argente-en-sodalite-a-pampilles|collier-dore-en-sodalite-facettee-38-a-43-cm|pendentif-sodalite
par-pierre-tourmaline,Bijoux : Tourmaline,https://milaura.fr/collections/par-pierre-tourmaline,2,2,NO,bracelet-dore-en-tourmaline-quartz-fume-et-aigue-marine|bracelet-en-tourmaline-multicolore-4-mm-16-a-18-cm
par-pierre-turquoise,Bijoux : Turquoise d’Afrique,https://milaura.fr/collections/par-pierre-turquoise,1,1,NO,bracelet-en-turquoise-d-afrique-6-mm-16-a-18-cm
pendentifs,Pendentifs en pierres naturelles,https://milaura.fr/collections/pendentifs,6,248,NO,pendentif-aventurine|pendentif-chrysocolle|pendentif-coeur-en-fluorine-verte-15-mm|pendentif-coeur-en-jade-de-chine-15-mm|pendentif-rhodonite|pendentif-sodalite
pierres-mineraux,Pierres & Minéraux,https://milaura.fr/collections/pierres-mineraux,31,84,NO,accessoire-mineral-bouddha-en-cristal-de-roche-40-mm|accessoire-mineral-bouddha-en-jaspe-rouge-50-mm|accessoire-mineral-croissant-grave-en-selenite-70-a-80-mm|accessoire-mineral-grenouille-en-quartz-rose-50-mm|accessoire-mineral-pointe-biterminee-en-cristal-de-roche-30-mm|accessoire-porte-cles-en-amethyste-claire|accessoire-porte-cles-goutte-en-quartz-rose|arbre-mineral-en-amethyste-du-bresil-150-a-200-mm|distributeur-de-savon-en-aventurine-bleue-brute-100-a-150-mm|distributeur-de-savon-en-aventurine-verte-brute-100-a-150-mm|distributeur-de-savon-en-quartz-rose-100-a-150-mm|oeuf-agate|orgonite-7-chakras-60-mm|orgonite-pyramide-arbre-de-vie-en-amethyste-60-mm|orgonite-pyramide-cercle-magique-en-amethyste-60-mm|pierre-roulee-en-aventurine-verte-galet-45-a-50-mm|pierre-roulee-en-howlite-blanche-galet-de-45-mm|pierre-roulee-en-rhodonite-galet-de-45-mm|plaque-arbre-de-vie-en-bois-de-tilleul-10-cm|plaque-de-rechargement-zodiaque-en-selenite-100-mm|plaque-fleur-de-vie-ajouree-en-bois-10-cm|plaque-fleur-de-vie-decoupee-en-bois-20-cm|plaque-fleur-de-vie-et-oeil-d-horus-en-bois-10-cm|plaque-fleur-de-vie-gravee-en-bois-10-cm|pointe-calcedoine-bleue-1|pointe-obsidienne|pyramide-selenite|savon-quartz-rose|sphere-en-agate-indienne-30-mm|sphere-en-jade-de-chine-30-mm|sphere-en-jaspe-heliotrope-30-mm
protection-energie,Protection et ancrage,https://milaura.fr/collections/protection-energie,3,6,NO,bougie-protection-oud-obsidienne|bracelet-baroque-en-obsidienne-mixte-16-a-18-cm|chapelet-en-obsidienne-noire-perles-de-6-mm
rituels-bien-etre,Rituels & Bien-être,https://milaura.fr/collections/rituels-bien-etre,12,114,NO,distributeur-savon-lapis-lazuli|pendule-cornaline|pendule-cristal-de-roche|pendule-en-acier-argente-01|pendule-hexagonal-en-amethyste-du-bresil|pendule-jaspe-rouge|pendule-labradorite|sauge-blanche-7-chakras-en-baton-10-cm|sauge-blanche-au-romarin-10-cm-1-baton|sauge-blanche-en-baton-de-fumigation-10-cm|sauge-blanche-et-cedre|savon-quartz-rose
savons-naturels,Savons naturels,https://milaura.fr/collections/savons-naturels,6,17,NO,distributeur-savon-lapis-lazuli|savon-a-l-argan|savon-a-la-framboise|savon-a-la-rose|savon-a-la-verveine|savon-au-miel
selection-aout-2026,Sélection d’août 2026,https://milaura.fr/collections/selection-aout-2026,0,19,YES,
selection-automne,Sélection d’automne : grenat & cornaline,https://milaura.fr/collections/selection-automne,10,10,NO,boucles-d-oreilles-pendantes-en-grenat-rouge-12-mm|boucles-d-oreilles-puces-en-cornaline-8-mm|bracelet-dore-en-grenat-rhodolite-3-mm|bracelet-en-cornaline-10-mm-16-a-18-cm|bracelet-en-grenat-rouge-4-mm|bracelet-en-grenat-rouge-6-mm|bracelet-facette-en-grenat-rouge-4-mm|bracelet-iris-dore-en-aigue-marine-cornaline-et-grenat-4-mm|collier-en-grenat-rouge-4-mm-45-cm|collier-en-grenat-rouge-6-mm-45-cm
selection-de-karine,Sélection de Karine,https://milaura.fr/collections/selection-de-karine,9,17,NO,bague-doree-en-sodalite-taille-54|boucles-d-oreilles-dorees-en-sodalite-36-mm|boucles-d-oreilles-loa-argentees-en-sodalite-25-mm|bracelet-clea-dore-en-sodalite-8-mm|bracelet-dore-en-sodalite-et-pierres-bleues|bracelet-halo-dore-en-sodalite-4-mm|bracelet-horus-dore-en-sodalite-6-mm|collier-dore-en-sodalite-facettee-38-a-43-cm|pendentif-sodalite
serenite-sommeil,Sérénité et sommeil,https://milaura.fr/collections/serenite-sommeil,12,32,NO,accessoire-porte-cles-en-amethyste-claire|boucles-d-oreilles-puces-en-amethyste-8-mm|bracelet-baroque-7-chakras-avec-amethyste|bracelet-baroque-en-amethyste-du-bresil-16-a-18-cm|bracelet-dore-en-aigue-marine-naturelle-16-a-21-cm|bracelet-dore-en-amethyste-cornaline-et-cristal-de-roche|chapelet-en-amethyste-6-mm|collier-en-amethyste-du-bresil-4-mm-45-cm|orgonite-pyramide-arbre-de-vie-en-amethyste-60-mm|orgonite-pyramide-cercle-magique-en-amethyste-60-mm|pendule-7-chakras-hexagonal-avec-amethyste|pendule-hexagonal-en-amethyste-du-bresil
